Date,Code,Type,Sec. Num,Price,Local IS,Local CP,Local PF,Local IB,Local ID,Local MF,Local SC,Local FD,Local OT,Total,Foreign IS,Foreign CP,Foreign PF,Foreign IB,Foreign ID,Foreign MF,Foreign SC,Foreign FD,Foreign OT,Total
31-Okt-2017,AALI,EQUITY,1924688333,14575,76264607,8898263,55834510,49700,38729371,38551319,579127,1837686,4836727,225581310,2367154,6845269,21162428,18017656,18948766,63514019,13671785,0,20681106,165208183
31-Okt-2017,ABBA,EQUITY,2755125000,50,82199700,1416424465,0,0,776749851,10533200,10740243,0,0,2296647459,0,0,0,282886300,201100,0,39700,0,0,283127100
31-Okt-2017,ABDA,EQUITY,620806680,6650,43822,47304145,0,98,47968998,0,7562,881084,0,96205709,70317086,355841069,0,97400000,400,0,0,0,0,523558555
31-Okt-2017,ABMM,EQUITY,2753165000,2380,11118500,7711500,1600,0,40007943,6551800,3214157,400000,0,69005500,0,25764900,0,60247300,651500,296331000,4500,0,153691300,536690500
31-Okt-2017,ACES,EQUITY,17150000000,1255,166064327,129574500,23242395,0,149927171,336109178,473723,852700,758400,807002394,30732200,387666165,150945743,595969274,383600,3282808103,194098058,9777166,1405617297,6057997606
31-Okt-2017,ACST,EQUITY,700000000,2950,1819700,481788400,6145240,0,17720716,33944980,110424,1048600,152500,542730560,0,26639120,10650600,21192060,10530920,30448480,5251500,7838400,44718360,157269440
31-Okt-2017,ADES,EQUITY,589896800,1010,108000,1032900,445000,350,30692049,29600,411,25000,0,32333310,0,540310713,0,13288721,616300,883900,250000,0,1191428,556541062
31-Okt-2017,ADFO,EQUITY,745543638,0,10000,116530120,0,0,58817000,0,888000,0,0,176245120,0,147319420,0,46500,144076570,0,0,0,243009528,534452018
31-Okt-2017,ADHI,EQUITY,3560849376,2190,250851465,28099364,105745470,0,419164726,322047933,10708642,17696902,880800,1155195302,1395632,58453517,45185660,43521168,4300421,237555599,51299670,10100,147875683,589597450
31-Okt-2017,ADMF,EQUITY,1000000000,7075,4366800,446700,0,920700000,21514000,22939200,71500,0,0,970038200,0,0,49500,14668300,485800,10572600,143700,0,3991900,29911800
31-Okt-2017,ADMG,EQUITY,3889179559,230,1030000,994460000,3300500,0,397570487,1458983,450013,0,0,1398269983,0,3000000,54708882,24537018,1461000,7513500,16960600,214300,7829500,116224800
31-Okt-2017,ADRO,EQUITY,31985962000,1825,1152743900,15301976343,585203300,0,5723850313,745920123,21930208,17548700,912000,23550084887,150672512,1713728849,1015091312,1184094733,26417229,1768157778,612630424,13398800,1951685476,8435877113
31-Okt-2017,AGII,EQUITY,3066660000,585,8731700,20944300,23409100,0,63642600,6744500,1500000,481300,0,125453500,695400,213013400,0,121089282,110200,222619700,46454200,74617300,115940018,794539500
31-Okt-2017,AGRO,EQUITY,17910437173,535,271874200,15574047594,936604997,0,817167246,48428498,24818105,26757193,2006600,17701704433,0,430734,0,22972396,830612,0,335012,0,6184206,30752960
31-Okt-2017,AGRS,EQUITY,5256176644,252,0,6086800,0,0,232797875,1537900,0,0,0,240422575,0,149795000,0,0,0,0,444061000,0,65723500,659579500
31-Okt-2017,AHAP,EQUITY,840000000,185,522040695,52901988,0,0,165918125,190300,44081,0,0,741095189,0,0,0,60014549,33797722,0,751682,0,0,94563953
31-Okt-2017,AIMS,EQUITY,220000000,127,0,169964000,0,0,49865600,0,18000,0,0,219847600,0,0,0,0,2000,0,400,0,0,2400
31-Okt-2017,AISA,EQUITY,3218600000,975,35971400,1072880156,5401500,0,223547670,9848000,6678596,2068200,0,1356395522,2799400,1166441185,45437967,67346645,6956000,340564979,66273723,552400,165204179,1861576478
31-Okt-2017,AKKU,EQUITY,6449463636,73,0,5711994200,0,0,441782336,0,73295200,0,0,6227071736,0,196089000,0,0,0,0,2040000,0,24262900,222391900
31-Okt-2017,AKPI,EQUITY,680000000,850,0,138084196,0,2,28569471,17500,27455,0,0,166698624,0,16560000,34,71501,503,0,43700,0,45532073,62207811
31-Okt-2017,AKRA,EQUITY,4006329420,7450,90278150,419159500,8101200,0,51670868,72653585,2749894,1104900,36400,645754497,4350825,90797636,128351851,113689013,1585900,688980810,102246640,476500,287769928,1418249103
31-Okt-2017,AKSI,EQUITY,720000000,426,0,25249700,0,0,1059700,0,0,0,0,26309400,0,0,0,0,100,0,0,0,0,100
31-Okt-2017,ALDI,EQUITY,398260000,0,0,200500,0,0,170573000,0,2633000,0,0,173406500,0,80000,0,100000,105000,0,43500,0,0,328500
31-Okt-2017,ALDO,EQUITY,550000000,600,0,321230769,0,0,228769231,0,0,0,0,550000000,0,0,0,0,0,0,0,0,0,0
31-Okt-2017,ALKA,EQUITY,507665055,324,0,11021250,0,77500,24012655,0,46200,0,0,35157605,0,0,0,260000,2622223,0,33000,0,0,2915223
31-Okt-2017,ALMI,EQUITY,616000000,230,0,96725540,0,0,80754400,0,553000,0,0,178032940,0,0,0,170000,932000,0,357800,0,0,1459800
31-Okt-2017,ALTO,EQUITY,2191870558,412,0,1536136640,0,0,304029624,4800000,337947294,0,0,2182913558,0,7560000,0,0,36100,0,1109400,0,0,8705500
31-Okt-2017,AMAG,EQUITY,5001552516,376,0,48000,185066933,388000000,49429096,0,0,0,0,622544029,0,32326300,0,28971800,11273700,68437900,34802300,0,13653400,189465400
31-Okt-2017,AMFG,EQUITY,434000000,6700,23500,10300482,94500,0,9504300,1656800,73859,158800,0,21812241,1217100,18712600,314900,13990900,10862400,16199500,1106859,0,547500,62951759
31-Okt-2017,AMIN,EQUITY,1080000000,438,0,19192800,0,0,122018700,0,26333400,0,0,167544900,0,0,0,255000,69927300,0,462800,0,1810000,72455100
31-Okt-2017,AMRT,EQUITY,41524501700,695,170832500,22743117510,61258400,0,2909650035,51404800,1170432,0,0,25937433677,0,5084557715,350491869,2408033438,452000,2594471931,2040338396,340000,3108382674,15587068023
31-Okt-2017,ANJT,EQUITY,3354175000,1280,161898100,96528344,0,0,84852219,100,0,0,0,343278763,5692200,867800,234600,0,1479937,0,484700,0,2137000,10896237
31-Okt-2017,ANTM,EQUITY,24030764725,645,3033760959,256801274,708245590,0,2769763371,321414268,49093550,3239179,16429400,7158747591,6676518,86701318,65767247,210421148,14918252,427855552,285016364,2437500,91373315,1191167214
31-Okt-2017,APEX,EQUITY,2659850000,1780,0,1917547483,0,0,53528683,0,50564698,0,0,2021640864,0,265985000,0,90991975,23845467,0,330787,0,179342235,560495464
31-Okt-2017,APIC,EQUITY,11765222716,458,809277000,8670406532,0,0,189934487,1548990675,142868871,0,0,11361477565,0,27101,0,403717800,250,0,0,0,0,403745151
31-Okt-2017,APII,EQUITY,1075760000,258,0,0,0,0,37942800,0,0,0,0,37942800,0,0,0,19025100,54576300,0,16808800,0,146221000,236631200
31-Okt-2017,APLI,EQUITY,1500000000,87,0,340007900,0,0,557786200,0,165000,0,0,897959100,0,0,0,0,270000,0,1669900,0,0,1939900
31-Okt-2017,APLN,EQUITY,20500900000,262,1055234000,6371120800,42329400,0,1202132067,92319100,169566336,1700000,4090000,8938491703,0,38184082,62519200,263636538,12562600,373738526,161012293,11588300,339166758,1262408297
31-Okt-2017,APOL,EQUITY,8670479000,58,0,645379260,1400000,0,749677700,1955000,155300,512500,0,1399079760,0,294110500,0,269907000,6810500,0,13251500,0,95694500,679774000
31-Okt-2017,ARGO,EQUITY,335557450,825,45000,34143414,0,0,438650,0,83000,0,0,34710064,0,280,0,100000,11250,0,99000,0,18220,228750
31-Okt-2017,ARII,EQUITY,3000000000,900,55042000,1094523500,8845000,0,498908000,71929700,0,2500000,0,1731748200,0,16208600,0,577829500,3900300,0,1511000,0,181441400,780890800
31-Okt-2017,ARMY,EQUITY,8187500000,244,224141700,118319300,550000,0,731723300,511706200,44425500,200000,0,1631066000,0,0,0,1035400,5398600,0,0,0,0,6434000
31-Okt-2017,ARNA,EQUITY,7341430976,384,35505168,1035257920,5893123,0,3264596561,201926758,537187,0,0,4543716717,9535374,478475085,177780400,282523184,60783828,862610442,33088582,137770000,755147364,2797714259
31-Okt-2017,ARTA,EQUITY,446674175,290,0,13283000,0,0,422987625,0,0,0,0,436270625,0,2400000,0,646550,560600,0,6796400,0,0,10403550
31-Okt-2017,ARTI,EQUITY,7840000000,50,195503974,2812816286,739500000,0,3344186300,668056300,27447340,0,0,7787510200,0,110600,0,0,22805200,0,7530000,0,20669000,51114800
31-Okt-2017,ARTO,EQUITY,1206250000,154,0,50505100,0,0,189291600,0,1444900,0,0,241241600,0,0,0,0,8400,0,0,0,0,8400
31-Okt-2017,ASBI,EQUITY,348386472,284,21492,307452472,922,1106,23630972,0,52560,0,0,331159524,0,0,0,1480000,535070,0,3182024,0,17100,5214194
31-Okt-2017,ASDM,EQUITY,192000000,1080,0,31254100,0,11200,17642160,2000000,0,0,0,50907460,0,0,0,1673000,605600,0,42100,0,0,2320700
31-Okt-2017,ASGR,EQUITY,1348780500,1330,503900,220100,1590100,178000,47755728,6191000,128343,500,0,56567671,0,22676300,23221100,74986813,636800,41086107,6767100,3453500,67598669,240426389
31-Okt-2017,ASIA,EQUITY,2275009490,0,250000,16724108,0,0,1029529302,0,2824937,0,22006500,1071334847,0,334,0,1720002,7213673,0,24374673,0,1153401913,1186710595
31-Okt-2017,ASII,EQUITY,40483553140,8000,1174695691,159452616,1324808170,535650,550450371,882141364,17679163,33971700,23550730,4167285455,229493939,596984942,2165259981,1543094167,187408000,5499768254,612850639,17389900,3234388483,14086638305
31-Okt-2017,ASJT,EQUITY,600000000,900,22420000,9800,464380500,0,29517400,74053700,4110000,0,5102900,599594300,0,0,0,0,100,0,405600,0,0,405700
31-Okt-2017,ASMI,EQUITY,8958380460,875,162904500,5126932780,0,0,3472712880,107960000,0,0,0,8870510160,0,368200,0,81014800,3341300,973900,931700,0,1240400,87870300
31-Okt-2017,ASRI,EQUITY,19649411888,406,55296900,8191206454,100768500,0,2065146697,288028300,282519905,23266800,1765200,11007998756,7927400,165743742,227608720,550138192,39380000,682801956,430132673,82600,3555147849,5658963132
31-Okt-2017,ASRM,EQUITY,214559422,2440,10728,848655,1027742,0,6799037,0,6048,96,0,8692306,0,8400,0,20148,12800,0,342306,0,1453518,1837172
31-Okt-2017,ASSA,EQUITY,3397500000,212,53431600,1673695800,28279100,0,1082529600,8917400,4336300,6042700,0,2857232500,0,13888000,0,212599128,2051000,45559300,8806000,0,257364072,540267500
31-Okt-2017,ASTR,EQUITY,50400000,0,0,8900,0,606500,186900,0,73800,0,40000,916100,0,0,0,0,11000,0,2000,0,200000,213000
31-Okt-2017,ATIC,EQUITY,1875010000,735,0,845416335,0,0,318949537,0,0,0,0,1164365872,0,525000000,0,0,131200,0,0,0,0,525131200
31-Okt-2017,ATPK,EQUITY,5760245414,194,334100,20100,18900,0,213977994,3675000,0,0,0,218026094,0,3651000,3400000,46222000,1161500,0,516047807,0,100059129,670541436
31-Okt-2017,AUTO,EQUITY,4819733000,2340,574075,63577387,189075,0,37418993,85148350,465,275000,75,187183420,0,316697249,97400,186217401,484125,211822000,7617411,0,52562937,775498523
31-Okt-2017,BABP,EQUITY,20581473347,52,491472924,7949578508,0,0,1520935567,107793376,1063600,0,0,10070843975,0,7979569610,0,847268000,7213900,0,3197883,0,1467565246,10304814639
31-Okt-2017,BACA,EQUITY,7038990743,220,109000000,3767245463,0,12686999,995228250,1581920046,350166535,0,0,6816247293,0,0,0,0,2000,0,50090,0,222691360,222743450
31-Okt-2017,BAJA,EQUITY,1800000000,188,0,88003100,10000,0,310941300,0,0,0,0,398954400,0,0,0,0,1045600,0,0,0,0,1045600
31-Okt-2017,BALI,EQUITY,3634279700,1290,86037038,2604193362,0,0,465128700,0,78728600,0,0,3234087700,0,0,0,65275000,11500,31625000,135500,0,303095000,400142000
31-Okt-2017,BAPA,EQUITY,661784520,99,0,382595600,0,0,274148803,0,1317017,0,0,658061420,0,1032500,0,575000,375500,0,1735100,0,0,3718100
31-Okt-2017,BASS,EQUITY,1756533500,0,0,345928500,0,121000000,172074500,0,203158000,500,250000,842411500,0,0,0,11236500,0,0,196000,0,7115000,18547500
31-Okt-2017,BATA,EQUITY,1300000000,705,0,0,0,50000,34623800,1622200,27900,5800,0,36329700,0,39100000,0,72744400,916800,0,3114000,0,66226100,182101300
31-Okt-2017,BAYU,EQUITY,353220780,1255,44024083,102384853,0,27384,18970671,11877300,12308,0,0,177296599,0,0,0,154657336,844,0,9000,0,13405865,168073045
31-Okt-2017,BBCA,EQUITY,24655010000,20900,403113632,14227470190,273696600,4000,763116229,415963958,6084521,14672800,599423,16104721353,102594735,660314277,1074204059,972390983,31416759,3317401171,390413244,30148268,1958124375,8537007871
31-Okt-2017,BBHI,EQUITY,4015000000,142,0,401352300,0,0,757996900,0,537100,0,0,1159886300,0,0,0,1461900,1800,0,0,0,0,1463700
31-Okt-2017,BBKP,EQUITY,9086620432,555,55106699,2808370991,13932416,0,847699236,40979264,28278094,3775000,733552234,4531693934,61911900,59701166,172770316,87326873,2151400,564425461,72358061,10306700,1075187994,2106139871
31-Okt-2017,BBLD,EQUITY,1645796054,560,63281585,1179635365,0,1283,19190764,1128596,233457,0,0,1263471050,0,4996895,0,303851757,1943914,0,5244,0,70192500,380990310
31-Okt-2017,BBMD,EQUITY,4090090000,1400,0,0,0,0,244506600,0,0,0,0,244506600,0,0,0,0,185206200,0,287200,0,0,185493400
31-Okt-2017,BBNI,EQUITY,18648656458,7600,394695565,104488955,179891533,1828802,186206575,384548874,15658556,124757826,896365,1392973051,309032817,220286242,953988362,1295891014,10626571,1766643614,239658268,26473908,1243888736,6066489532
31-Okt-2017,BBNP,EQUITY,676833882,1450,0,143340084,0,0,22476586,0,0,0,0,165816670,0,0,0,63310000,0,0,200,0,447707012,511017212
31-Okt-2017,BBRI,EQUITY,24669162000,15600,517872600,133055444,257310300,221718000,155068045,446266852,2922025,19789000,750500,1754752766,176908917,634499950,1347789581,894665915,110980719,3242722478,338933365,45386862,2122203447,8914091234
31-Okt-2017,BBRM,EQUITY,5367076248,50,0,2854148939,0,0,257226970,1000000,4449900,0,0,3116825809,0,1671252452,0,266523930,33452000,0,207352057,0,71670000,2250250439
31-Okt-2017,BBTN,EQUITY,10590000000,2760,445821581,64262897,103422535,21068200,194316827,397601365,5745537,21419033,567800,1254225775,19174724,104444721,348494349,466971923,8716040,1227191205,163087381,37098506,606468876,2981647725
31-Okt-2017,BBYB,EQUITY,4695919628,300,1996784382,1803908486,0,0,140479078,9886770,23692240,0,209742920,4184493876,0,0,0,550044,93236950,0,0,0,0,93786994
31-Okt-2017,BCAP,EQUITY,5472838318,1570,0,4054907989,21044000,0,61303768,25534000,11595800,0,250000,4174635557,0,607475235,0,89799700,0,0,510202609,0,90625217,1298102761
31-Okt-2017,BCIC,EQUITY,861212450177035,50,60629202,6649374153,250781,719277502,2751817404,20578000,2690260372,5016,0,12892192430,0,135071315,0,6516630599,199469688,189373000,364988607,0,7853600816,15259134025
31-Okt-2017,BCIP,EQUITY,1429915525,130,73305000,271246534,46968900,0,323526591,695260400,3146800,0,0,1413454225,0,0,0,0,6271000,0,10190300,0,0,16461300
31-Okt-2017,BDMN,EQUITY,9584643365,5100,100411849,99052369,17668690,714,104108496,33957076,167888,239650,59700,355666432,16144863,7304167160,188057755,130828521,4356650,1148354351,116495564,3193132,315789547,9227387543
31-Okt-2017,BEKS,EQUITY,64109430357,50,4762000031,36861871045,272879800,0,18053388153,2600753460,62275008,42099400,25609989,62680876886,0,95,120704630,45796589,18384527,115465890,437843299,0,49264137,787459167
31-Okt-2017,BELL,EQUITY,1450000000,175,0,0,0,0,93383400,151221600,55195000,0,0,299800000,0,0,0,0,200000,0,0,0,0,200000
31-Okt-2017,BEST,EQUITY,9647311150,284,175443700,4734875600,30720300,0,928870161,154787100,108203637,7065800,350000,6140316298,0,1101345082,31859100,434503973,14548200,859359300,115321731,0,943057466,3499994852
31-Okt-2017,BFIN,EQUITY,15967115620,700,0,1003912480,0,176360,1886774160,0,36860,0,156855740,3047755600,0,1384686700,472100,1255411340,5680260,1648566140,134263740,0,8472631020,12901711300
31-Okt-2017,BGIN,EQUITY,4126125833,0,0,540236500,0,0,629134833,0,175714500,0,0,1345085833,0,0,0,250000,230000,0,0,0,0,480000
31-Okt-2017,BGTG,EQUITY,11175060000,94,518842400,817000,0,0,1930423200,0,1400000,0,0,2451482600,0,0,0,193091300,49900,0,1818605300,0,909090900,2920837400
31-Okt-2017,BHIT,EQUITY,48057050367,98,76500000,5544443403,360160940,0,8968041851,262301360,339131852,2000,56210000,15606791406,17800000,19888489981,276617800,343772292,9725120,2095532580,3088089170,144341120,6585880898,32450248961
31-Okt-2017,BIKA,EQUITY,592280000,320,0,301900,0,0,449037400,0,0,0,0,449339300,0,131949200,0,0,11500,0,0,0,0,131960700
31-Okt-2017,BIMA,EQUITY,608175716,82,570000,14300000,41000,0,6720080,0,64801400,0,0,86432480,0,0,0,0,39600,0,0,0,0,39600
31-Okt-2017,BINA,EQUITY,5654375000,985,1270594879,2174718352,100000,0,327570218,164155200,20600012,0,0,3957738661,0,0,0,1070250,100,1034416550,11216847,0,593388842,1640092589
31-Okt-2017,BIPI,EQUITY,36508170014,84,1561241400,17312375465,413550000,250000,5498668520,2154639100,587423836,0,70000,27528218321,0,623882639,48797300,1188587538,34342800,195475500,199876601,0,6688989315,8979951693
31-Okt-2017,BIPP,EQUITY,4669649502,85,41378700,118369750,21000300,29280,758710032,5000000,1241620,0,1500000,947229682,0,2011864403,0,1583920192,3152800,0,372500,0,0,3599309895
31-Okt-2017,BIRD,EQUITY,2502100000,4560,3321000,149400,5979200,0,118469600,21372100,42181255,120000,0,191592555,330600,98827191,7778741,32249355,26100,96241626,3160238,3000,120740594,359357445
31-Okt-2017,BISI,EQUITY,3000000000,1640,136672000,14986100,4503600,0,71878438,44441400,700793,0,0,273182331,0,693063120,3664000,791883908,7847441,26013674,19244732,0,239440794,1781157669
31-Okt-2017,BJBR,EQUITY,9696291166,2450,626509800,446227593,2958000,0,559422873,281522278,72339961,25495200,1619009579,3633485284,2309900,15206792,28959864,32999481,13994800,192450130,89534075,783500,33340753,409579295
31-Okt-2017,BJTM,EQUITY,14974591382,695,11856800,66804800,11233800,0,826749272,163043780,37929266,930000,0,1118547718,43969100,67048292,240211253,69418274,975700,939019794,44450486,22542800,494259983,1921895682
31-Okt-2017,BKDP,EQUITY,6830992252,84,0,126522000,0,0,3413740352,57930850,91550,0,0,3598284752,0,0,0,32699000,8500,0,0,0,0,32707500
31-Okt-2017,BKSL,EQUITY,55258552816,143,842897200,6931432185,62832900,125000,7891817969,672745000,99705196,11200000,0,16512755450,0,1035851871,234470600,4341630236,36376200,382829430,418897739,0,1483374472,7933430548
31-Okt-2017,BKSW,EQUITY,16992865249,234,38846867,1107763352,0,0,290373222,0,42661184,0,0,1479644625,0,0,0,15512963302,594,0,0,0,0,15512963896
31-Okt-2017,BLTA,EQUITY,20668772447,196,93104703,4505654812,120611914,470678,2900568796,704753498,17191943,9859416,335400,8352551160,12753500,234211132,44680329,1432325703,371744499,396362774,2117758260,0,500796464,5110632661
31-Okt-2017,BLTZ,EQUITY,436968571,10800,0,211570498,0,0,51861,1200,0,0,0,211623559,0,2400,0,10300,7000,0,0,0,225143512,225163212
31-Okt-2017,BMAS,EQUITY,4443461538,358,0,3511792597,0,0,13530133,0,0,0,0,3525322730,0,0,0,443901808,0,0,134500,0,0,444036308
31-Okt-2017,BMRA,EQUITY,1751576290,0,10000,456000,10000,62000,19178000,282500,2169000,0,0,22167500,0,0,0,1089000,60500,0,130000,0,0,1279500
31-Okt-2017,BMRI,EQUITY,46666666666,7050,957762360,153100382,604922940,51204002,367412632,1092023170,5651495,34784890,1604300,3268466171,142136568,560178061,1942771136,1886656826,153548300,6398772298,634358421,37593032,3642185853,15398200495
31-Okt-2017,BMSR,EQUITY,1159200024,89,63275000,5215500,37150000,0,229212692,0,7000,0,0,334860192,0,0,0,823199832,15000,0,0,0,0,823214832
31-Okt-2017,BMTR,EQUITY,14198621422,585,240400,8195925140,2417500,0,506145952,36616850,29239299,5055000,9886400,8785526541,297072050,839554234,262875797,857715209,3607070,1644087182,904602290,336900,597755329,5407606061
31-Okt-2017,BNBA,EQUITY,2310000000,238,0,0,0,0,131963400,125000,1847000,0,0,133935400,0,0,0,13100000,57524100,47100,5309500,0,83900,76064600
31-Okt-2017,BNBR,EQUITY,113535564308,50,500147529,14747888326,399836000,1739717,35117557507,8170468787,350231019,8205000,500,59296074385,0,22495284856,195152950,11427325555,320729605,2489067030,983373451,0,14411262263,52322195710
31-Okt-2017,BNGA,EQUITY,25131606843,1240,169700777,147826644,13160250,98180,346137195,263515600,872698,4242837,1082000,946636181,74318,23053035371,30154215,197758605,9766924,65736154,110207098,3182000,442622263,23912536948
31-Okt-2017,BNII,EQUITY,67746840730,304,2385531,3518994,350175,500761,415159437,6546700,399883,5131,464532,429331144,0,10878654,2897605,12533914886,6379612,4961204,124208370,0,355713791,13038954122
31-Okt-2017,BNLI,EQUITY,28042739205,650,1056888,19658676,13534145,1860,634680251,297749977,20723739,6219974,423083,994048593,0,112257812,91889222,249601009,40184840,900643291,68245866,0,592594214,2055416254
31-Okt-2017,BOGA,EQUITY,3802855750,615,237147000,2080939432,0,0,326355550,986749368,171089600,0,0,3802280950,0,50000,0,508800,16000,0,0,0,0,574800
31-Okt-2017,BOLT,EQUITY,2343750000,1115,0,0,0,0,14801200,148836700,100,0,0,163638000,0,124027800,0,72083700,500,0,109000000,0,0,305112000
31-Okt-2017,BORN,EQUITY,17693000000,50,117640500,11474570137,29616500,0,2931897318,148790500,23306466,5436000,150000,14731407421,0,80265669,7546400,839351195,15108500,4136000,81159195,0,1934010620,2961577579
31-Okt-2017,BPFI,EQUITY,1582589100,490,0,559779300,0,0,9191129,0,596455500,0,0,1165425929,0,256093900,0,60816711,0,0,100109760,0,142800,417163171
31-Okt-2017,BPII,EQUITY,514010900,4700,0,0,0,0,239000,0,0,0,0,239000,0,0,0,438910900,0,0,74341300,0,519700,513771900
31-Okt-2017,BRAM,EQUITY,450000000,6800,0,25239300,0,0,56478538,0,1575200,0,0,83293038,0,272153182,0,7100,15100,0,369100,0,0,272544482
31-Okt-2017,BRAU,EQUITY,34900000000,82,8165900,2345479549,2328500,0,1412894200,10000000,1582498,22549500,0,3803000147,0,726472107,11650000,291349361,6768500,0,25068379,646500,458295602,1520250449
31-Okt-2017,BRMS,EQUITY,62322456902,64,64225000,15934913297,7181000,180000,9031036202,1930725100,326448165,100000,0,27294808764,0,30280907316,18207000,982078000,66462100,149225700,867329100,0,481449931,32845659147
31-Okt-2017,BRNA,EQUITY,979110000,1175,0,636602465,193205,0,168985040,4120325,212612,4620380,0,814734027,0,100,0,5220500,23880470,101912500,5271403,0,19600000,155884973
31-Okt-2017,BRPT,EQUITY,13959785568,2020,381875700,329325782,19623400,5000,1964577006,317180200,9392688,1404300,136000,3023520076,760000,22371432,52748400,898877584,10144732,165123809,1253500134,0,81821919,2485348010
31-Okt-2017,BSDE,EQUITY,19246696192,1720,743973052,11796766801,649754430,0,436522893,477564592,20936974,21420400,910200,14147849342,47158506,227110472,1092670038,1381979993,3361966,1122459037,256491200,38443076,929172562,5098846850
31-Okt-2017,BSIM,EQUITY,15381553066,900,829802116,1425709382,0,0,107878504,571190742,183387078,21,0,3117967843,0,84660700,0,1821760957,53500,101153974,100050,0,1705764002,3713493183
31-Okt-2017,BSSR,EQUITY,2616500000,2630,0,130899500,0,0,116541326,0,352300,0,0,247793126,0,333342100,0,0,46783100,0,11000,0,0,380136200
31-Okt-2017,BSWD,EQUITY,1041600000,1795,0,170500,0,0,36088058,0,0,0,0,36258558,0,0,0,0,9450000,0,2000,0,0,9452000
31-Okt-2017,BTEK,EQUITY,46277496376,170,2330185700,214804736,525000,0,6425241732,1414985220,54827400,0,0,10440569788,0,9038266000,0,2436052688,44986300,16946400,21459200,0,4228000,11561938588
31-Okt-2017,BTEL,EQUITY,36773904635,50,121596602,16553301974,76298845,0,6523190787,2933795285,1400771145,0,16460000,27625414638,0,3180137443,70596500,955463702,36098644,543496900,1512147011,0,2850544797,9148484997
31-Okt-2017,BTON,EQUITY,720000000,119,0,14278000,0,0,59334800,0,0,0,0,73612800,0,0,0,0,2347200,0,40000,0,0,2387200
31-Okt-2017,BTPN,EQUITY,5840287257,2550,67800,208883100,140600,690000,149231129,3181600,400749,182800,0,362777778,0,1366566128,5065807,2445920646,602400,54894995,14630400,0,1531426230,5419106606
31-Okt-2017,BUDI,EQUITY,4498997362,96,0,2404716531,0,254500,377769346,26932000,4624651,1500,0,2814298528,0,610737166,0,197997479,12719900,35500000,612004864,0,215423550,1684382959
31-Okt-2017,BUKK,EQUITY,2640452000,1320,374500,1165452200,20500,0,1320128500,0,2050,0,110433900,2596411650,0,20000,0,10174000,85900,150000,447600,0,21100,10898600
31-Okt-2017,BULL,EQUITY,4853939907,139,260400,2564839195,200000,0,803015587,234255064,391073076,2513125,0,3996156447,0,1910205,0,281888100,1853813,0,510548142,0,61583200,857783460
31-Okt-2017,BUMI,EQUITY,65376556624,260,468325757,32557301881,53884300,0,13650580862,848853700,530834592,3149707,1944800,48114875599,19354800,10641095434,59529234,1311399435,1556023772,389730101,786366683,0,2479507386,17243006845
31-Okt-2017,BUVA,EQUITY,3405634600,565,0,898743116,1913000,0,837484649,0,21000,3402935,0,1741564700,0,1663509700,0,117700,442500,0,0,0,0,1664069900
31-Okt-2017,BVIC,EQUITY,8671048162,202,40287192,4857599130,7662800,0,2073819916,712500,144470951,0,0,7124552489,0,152500,0,1354963262,187429900,249000,1167011,0,1310000,1545271673
31-Okt-2017,BWPT,EQUITY,31525291000,244,1201405000,12755683716,17320400,0,2120312920,426155300,79134679,4235500,0,16604247515,6904600,1134820755,70670700,321440261,46499900,12143824222,1011647650,1074400,184160997,14921043485
31-Okt-2017,BYAN,EQUITY,3333333500,10975,0,333338000,0,0,1980707289,5000,52145,0,0,2314102434,0,668701004,0,249475718,686619,169500,3266425,0,46931800,969231066
31-Okt-2017,CANI,EQUITY,833440000,322,0,211700,0,0,103786000,0,0,0,0,103997700,0,0,0,647300,32445500,0,71269500,0,0,104362300
31-Okt-2017,CARS,EQUITY,1500000000,1150,570000,1253625825,0,0,122025775,6090400,614800,285700,72850100,1456062600,0,0,0,40995500,1000,0,500000,0,2440900,43937400
31-Okt-2017,CASA,EQUITY,11568013446,382,613223100,6987622300,0,0,494379346,1371652400,184000000,0,0,9650877146,0,1912397000,4692000,0,0,0,47300,0,0,1917136300
31-Okt-2017,CASS,EQUITY,2086950000,700,24000,910129900,5000,0,38046300,93346400,575000,0,0,1042126600,0,869805100,21238300,602300,5300900,15642600,35952000,0,96282200,1044823400
31-Okt-2017,CEKA,EQUITY,595000000,1400,21000,517771052,0,0,37106006,755000,20092,0,500,555673650,0,29702000,0,1307000,120000,0,4863250,0,1443100,37435350
31-Okt-2017,CENT,EQUITY,31183464900,92,0,785955000,0,0,821277732,58784700,251832148,0,0,1917849580,0,915621300,0,13874420527,15442100,5040000,799674900,0,13655416493,29265615320
31-Okt-2017,CFIN,EQUITY,3984520457,310,861600,786998,50000,2051436264,266378720,186884300,21183,0,0,2506419065,0,224424500,15098400,379915513,24369900,602751450,86440655,0,143503100,1476503518
31-Okt-2017,CINT,EQUITY,1000000000,334,0,59003600,0,0,92777100,5857800,0,0,8600,157647100,0,24400,0,0,4348800,0,12100000,0,125879700,142352900
31-Okt-2017,CITA,EQUITY,3370734900,900,0,798486700,0,0,64438070,0,211000,0,0,863135770,0,0,0,2950,0,0,0,0,2507596180,2507599130
31-Okt-2017,CKRA,EQUITY,5106021090,86,0,8800,0,0,133267254,850000,0,0,0,134126054,0,0,0,0,25100,0,245948000,0,4720155436,4966128536
31-Okt-2017,CLEO,EQUITY,2200000000,675,0,423873600,0,0,25555300,0,0,0,0,449428900,0,0,0,566400,4700,0,0,0,0,571100
31-Okt-2017,CLPI,EQUITY,306338500,970,0,1061800,0,0,110348400,0,11426500,206700,0,123043400,0,156230000,0,55000,268600,4288400,388100,0,5000,161235100
31-Okt-2017,CMNP,EQUITY,3345831944,1355,23839,2570126715,27000,9931,702011413,371527,134096,719,0,3272705240,0,4719379,0,33019493,435554,4776469,24468297,0,2451229,69870421
31-Okt-2017,CMPP,EQUITY,216000000,835,0,164682300,0,0,45731200,0,851000,0,0,211264500,0,0,0,287500,150000,0,0,0,0,437500
31-Okt-2017,CNKO,EQUITY,8956361206,50,196096000,991019537,12500000,0,3011413967,547222550,421853325,1350000,0,5181455379,0,843855800,0,18261200,8923600,400000000,39949627,0,2463910500,3774900727
31-Okt-2017,CNTX,EQUITY,70000000,540,0,27251000,0,1000,13914100,0,13000,0,0,41179100,0,0,0,0,185900,0,0,0,100000,285900
31-Okt-2017,COWL,EQUITY,4871214021,1160,50000,3619364404,0,0,76559178,122665000,0,0,0,3818638582,0,1052321939,0,253300,200,0,0,0,0,1052575439
31-Okt-2017,CPDW,EQUITY,34198115,0,0,4000,0,0,691717,0,15900,0,0,711617,0,0,0,0,0,0,0,0,0,0
31-Okt-2017,CPGT,EQUITY,3972222100,50,250000,238698995,17000,0,638482129,19624500,3624,0,0,897076248,0,324374252,0,2570381600,1850100,9575300,8954300,0,300,2915135852
31-Okt-2017,CPIN,EQUITY,16398000000,3300,222441100,64871660,42530600,257800,131424690,97411897,3309617,1402100,314600,563964064,49060118,967162043,217286420,1748634491,6415925,486518451,616003920,2404900,1920148458,6013634726
31-Okt-2017,CPRO,EQUITY,40470734746,50,48225500,4163503464,34771200,0,13089816135,420273600,44871678,0,135000,17801596577,0,2060130600,0,252801285,88671950,477384900,7767641719,0,11911392524,22558022978
31-Okt-2017,CSAP,EQUITY,4053052920,470,0,120714300,0,0,314988264,0,80000,0,0,435782564,0,1278000,125100,616745200,20100,1174235100,4020300,0,64687932,1861111732
31-Okt-2017,CSIS,EQUITY,1307000000,725,0,90000000,0,0,8942600,108019300,0,0,0,206961900,0,0,0,0,0,0,38100,0,0,38100
31-Okt-2017,CTBN,EQUITY,800371500,4850,0,500,0,0,580160,0,0,0,0,580660,0,740800950,0,57783180,15000,0,0,0,14900,798614030
31-Okt-2017,CTRA,EQUITY,18560303397,1210,626314971,5687429803,251196728,671266,1059518722,1215122881,21174516,41195379,1495725,8904119991,61395360,300463046,559542334,637023947,14712730,1893256341,371926520,3192543,1021190546,4862703367
31-Okt-2017,CTTH,EQUITY,1230839821,76,500,133151538,0,2761525,366337971,0,55021,0,0,502306555,0,64811681,0,161327848,47655000,0,1925800,0,64679830,340400159
31-Okt-2017,DAJK,EQUITY,2500000000,50,0,1280278155,276716000,0,783425493,2000000,900000,700000,0,2344019648,0,99875800,0,0,1470100,6693000,950000,0,31741252,140730152
31-Okt-2017,DART,EQUITY,3141390962,316,960,2057013274,1096000,215548,934796456,0,96568,4682500,180,2997901486,0,1360,0,94136876,289880,0,568368,0,0,94996484
31-Okt-2017,DAVO,EQUITY,12403711320,0,357000,782979862,0,93080,3434528680,0,501635,0,0,4218460257,0,11243000,0,240210500,4549000,54906800,1391817373,0,39950000,1742676673
31-Okt-2017,DAYA,EQUITY,2078439000,190,0,976866300,0,0,12306200,0,0,0,0,989172500,0,91500000,0,996266400,100,0,0,0,1500000,1089266500
31-Okt-2017,DEFI,EQUITY,676000000,695,205605000,453775200,0,0,16049600,0,335200,125000,0,675890000,0,0,0,0,110000,0,0,0,0,110000
31-Okt-2017,DEWA,EQUITY,21853733792,50,66882500,358683525,60295500,0,11036845937,3031301200,189338755,0,40000,14743387417,0,6693712657,10236634,207955276,107301999,0,13824342,0,60835467,7093866375
31-Okt-2017,DGIK,EQUITY,5541165000,77,226811100,3110444300,8782800,0,1010204400,5000000,13500,0,97755500,4459011600,0,288000,0,35972000,4380600,0,300000,0,731212800,772153400
31-Okt-2017,DGSA,EQUITY,1187225279,0,3267450,8641500,2274640,1027794,107324049,30000,11902783,15000,0,134483216,0,2094140,1277750,4846164,8174236,10296,2998318,0,679396,20080300
31-Okt-2017,DILD,EQUITY,10365854185,388,329387356,364182489,32761900,269600,1566327888,450250468,32521755,5100000,3385280,2784186736,3558000,4097950317,52086500,2226308387,4987700,340852986,133284024,60000,574978707,7434066621
31-Okt-2017,DKFT,EQUITY,5638246600,436,14550000,4403532410,7864000,0,1051893260,54781700,1800030,0,0,5534421400,0,4875700,0,3610000,60083900,10756900,7143800,0,4354900,90825200
31-Okt-2017,DLTA,EQUITY,800659050,4530,0,12450,0,10400,21276850,57150900,2424000,0,0,80874600,0,33040600,0,901950,0,0,1442950,0,2318200,37703700
31-Okt-2017,DMAD,EQUITY,453000000,1,0,0,0,0,3999326,0,0,0,0,3999326,0,0,0,0,0,0,0,0,0,0
31-Okt-2017,DMAS,EQUITY,48198111100,188,1611615900,27912873300,313819200,0,439827000,1870050600,35618200,16493400,5515100,32205812700,88831300,398500245,100433200,1492917500,6244700,953269000,35517800,0,867056855,3942770600
31-Okt-2017,DNAR,EQUITY,2250000000,280,0,0,0,0,2088500000,0,0,0,0,2088500000,0,0,0,0,0,0,0,0,0,0
31-Okt-2017,DNET,EQUITY,14184000000,2240,43826100,4108547269,0,0,4318706331,2110000,550000,0,1000,8473740700,0,2971949500,0,731994100,5300,0,1309900,0,2005000500,5710259300
31-Okt-2017,DOID,EQUITY,8505995232,905,247427200,175382900,182788100,0,1968553696,670798300,8102497,5924000,3195000,3262171693,8159500,164679400,89801500,1130501793,5577900,194168471,180452264,5722300,3442907911,5221971039
31-Okt-2017,DPNS,EQUITY,331129952,386,580,103517786,0,4411,95878481,0,16752,0,0,199418010,0,25121919,0,6639220,1148514,28750000,761200,0,724,62421577
31-Okt-2017,DPUM,EQUITY,4175000000,278,53338700,2358083400,265750400,0,50151417,248990883,112930800,0,0,3089245600,0,3305300,0,125294900,434200,0,931920000,0,24800000,1085754400
31-Okt-2017,DSFI,EQUITY,1857135500,117,0,347406000,43656000,100000,388537235,0,23036215,1200000,0,803935450,0,1036552750,0,0,3582500,0,4212300,0,8852500,1053200050
31-Okt-2017,DSNG,EQUITY,10599842400,480,96257400,4271337800,1065600,0,1220345950,193725700,0,0,0,5782732450,0,47216000,0,69496700,479100,352264100,190594600,0,287101950,947152450
31-Okt-2017,DSSA,EQUITY,770552320,13900,0,87500,0,0,423400,0,2951200,0,0,3462100,0,12217100,0,32000,5000,7475300,31000,0,110500,19870900
31-Okt-2017,DSUC,EQUITY,500000000,0,100000,161500,0,0,42852150,225500,227500,0,0,43566650,0,0,0,9335500,22854000,0,1204250,0,2500,33396250
31-Okt-2017,DUTI,EQUITY,1850000000,5400,0,1678084182,0,381950,3728125,2390000,21339375,0,0,1705923632,0,4795000,0,138218967,51983,0,43283,0,10410,143119643
31-Okt-2017,DVLA,EQUITY,1120000000,1950,0,4074700,0,51080,14282420,0,1878160,0,0,20286360,0,1033151412,0,16290000,48236620,0,563400,0,0,1098241432
31-Okt-2017,DYAN,EQUITY,4272964279,59,5796300,1922669478,17154300,0,954168320,249461100,891500,150355800,0,3300496798,0,100,0,14303500,3632800,0,540000,0,13146300,31622700
31-Okt-2017,ECII,EQUITY,1334333000,840,0,46885000,0,0,32083900,29746100,100,0,0,108715100,0,2903000,0,30017700,58376700,90643500,4298100,0,38553900,224792900
31-Okt-2017,EDJSA,EQUITY,110808000,0,0,110808000,0,0,0,0,0,0,0,110808000,0,0,0,0,0,0,0,0,0,0
31-Okt-2017,EDJSB,EQUITY,4681638,0,0,0,0,0,3279609,0,0,0,1402029,4681638,0,0,0,0,0,0,0,0,0,0
31-Okt-2017,EKAD,EQUITY,698775000,670,0,536834020,50,0,121528219,50000,32620,0,0,658444909,0,1191000,0,0,11405621,0,20543375,0,710200,33850196
31-Okt-2017,ELSA,EQUITY,7298500000,308,321037200,20389519,1133406600,0,1794127178,266897888,16631545,2300050,2570400,3557360380,0,39636387,28015400,101023987,16140300,119431506,63027610,0,367801930,735077120
31-Okt-2017,ELTY,EQUITY,43521913019,50,2413529880,1329119685,625590000,0,21258145768,9731400000,1008220446,16047500,0,36382053279,0,360439280,0,523794179,1138642300,61639700,203110481,0,4052915300,6340541240
31-Okt-2017,EMDE,EQUITY,3350000000,302,0,176710800,47150000,0,421514380,22000000,174626900,7500000,0,849502080,0,0,0,231296200,32183400,0,0,0,0,263479600
31-Okt-2017,EMTK,EQUITY,5640032442,8200,93900,1249433688,0,0,3353077803,5701700,90000,100000,0,4608497091,0,462017700,26807037,266749754,1900,161449600,7033530,37000,107438830,1031535351
31-Okt-2017,ENRG,EQUITY,6138347972,99,48763456,546585755,16084126,0,3515347390,151189227,8900869,637500,58,4287508381,0,1096453936,770938,448800410,44327790,14911566,20033073,0,224949355,1850247068
31-Okt-2017,EPMT,EQUITY,2708640000,3000,0,2586228295,0,36000,41322795,0,28380,0,0,2627615470,0,220100,0,27890600,97440,0,1041440,0,49062294,78311874
31-Okt-2017,ERAA,EQUITY,2900000000,790,111269700,502882200,15335700,0,257412084,145284900,3353665,425000,0,1035963249,0,50963793,38934000,54405992,4479000,209169700,69038438,3106900,194938928,625036751
31-Okt-2017,ERTX,EQUITY,1286539792,139,0,1227126192,0,0,53518400,0,4000,0,0,1280648592,0,0,0,0,1000000,0,128000,0,0,1128000
31-Okt-2017,ESSA,EQUITY,1100000000,179,3282500,595800351,0,0,260043622,9496100,32664827,0,0,901287400,0,64911000,0,30935400,54334200,0,18255000,0,30277000,198712600
31-Okt-2017,ESTI,EQUITY,2015208720,92,2500,858846998,0,50177,140853945,206000,27500,0,0,999987120,0,0,0,3654780,5000,19200815,94190810,0,70,117051475
31-Okt-2017,ETWA,EQUITY,968297000,63,500,56000,200000,46000,228192900,563000,10000,0,0,229068400,0,82207300,0,59785600,91329800,0,32837500,0,234085900,500246100
31-Okt-2017,EXCL,EQUITY,10687960423,3380,333631067,59665831,52275187,0,59288797,255555556,557087,3599450,288575,764861550,23337575,592220450,380514786,437629854,2386634,997922873,125165568,17358575,458100936,3034637251
31-Okt-2017,FAST,EQUITY,1995138579,1530,96818832,719348134,0,0,21520758,0,130101,0,3192220,841010045,0,65269582,0,21207000,29200,169976500,12965220,0,288028,269735530
31-Okt-2017,FASW,EQUITY,2477888787,5250,4000,224046633,0,12940,99054208,0,1924,425000,0,323544705,0,107500,0,5460656,23700,525200,1026000,0,153300,7296356
31-Okt-2017,FINN,EQUITY,2188500000,144,0,100000000,200000,153000,124988000,0,0,0,0,225341000,0,105000000,0,0,635000,0,330024000,0,105000000,540659000
31-Okt-2017,FIRE,EQUITY,1300000000,1695,0,635800,0,0,5201600,294161400,0,0,0,299998800,0,0,0,0,1200,0,0,0,0,1200
31-Okt-2017,FISH,EQUITY,480000000,2300,0,429518000,0,0,28500300,0,50000,0,0,458068300,0,0,0,21884900,39600,0,7200,0,0,21931700
31-Okt-2017,FMII,EQUITY,2721000000,540,0,1357987800,0,0,306429000,0,17793400,0,0,1682210200,0,0,0,811500000,227289800,0,0,0,0,1038789800
31-Okt-2017,FORU,EQUITY,465224000,195,0,415572000,0,0,45662500,0,500,0,0,461235000,0,0,0,84900,3874100,0,0,0,30000,3989000
31-Okt-2017,FORZ,EQUITY,1563841500,770,0,1290545800,0,0,166330700,106701300,0,0,0,1563577800,0,0,0,263700,0,0,0,0,0,263700
31-Okt-2017,FPNI,EQUITY,5566414000,224,9497100,0,621500,50000,296510036,27413354,540010,0,0,334632000,0,1348400,0,2058500,6084785,0,5566900,0,184442720,199501305
31-Okt-2017,FREN,EQUITY,103705870101,50,0,135458932,8487500,7,1282166402,292452925,5571189,158775,28350,1724324080,0,224319869,0,63241781,9823855,500000000,3371350,0,9676607239,10477364094
31-Okt-2017,GAMA,EQUITY,10011027656,50,469225000,5293255900,500000,0,589720756,3282199100,17500100,0,0,9652400856,0,0,0,44600,4636100,0,353946100,0,0,358626800
31-Okt-2017,GDST,EQUITY,8200000000,87,0,17719400,0,0,158166100,0,1000,0,0,175886500,0,0,0,0,653600,0,3589900,0,0,4243500
31-Okt-2017,GDWU,EQUITY,252000000,0,14263940,7745100,0,1300,125957050,0,11217850,0,0,159185240,0,0,0,2295700,729700,0,0,0,0,3025400
31-Okt-2017,GDYR,EQUITY,410000000,2100,180000,39013100,50000,1000,12178700,0,6600,0,0,51429400,0,0,0,0,2508300,1343700,396100,0,900000,5148100
31-Okt-2017,GEMA,EQUITY,320000000,805,0,56777000,300000,0,42239000,30268500,0,0,0,129584500,0,50000,0,0,0,7938900,26600,0,0,8015500
31-Okt-2017,GEMS,EQUITY,5882353000,2340,8282500,34607900,0,0,11460300,11962900,22000,0,0,66335600,0,2058823550,0,90957800,74000,187500,25100,0,3665939450,5816007400
31-Okt-2017,GGRM,EQUITY,1924088000,70000,37879400,6698400,9642900,21200,11509488,40705419,785076,806400,273700,108321983,3150425,20280216,20687787,36346632,548026,82169301,17446357,55900,41073288,221757932
31-Okt-2017,GGST,EQUITY,31000000,0,0,0,0,0,500,0,0,0,0,500,0,0,0,0,0,0,0,0,0,0
31-Okt-2017,GIAA,EQUITY,25886576254,366,126810102,6854894859,398064538,0,1375387875,77471722,11769932,2620000,1000,8847020028,3300500,639409423,29043140,415492099,18681970,157309171,70121684,44200,35326418,1368728605
31-Okt-2017,GJTL,EQUITY,3484800000,695,6710300,31536256,10062740,110044,527580302,193342250,6755843,648,0,776098383,266600,37118586,48499935,479878508,177379634,109809665,62019863,7601100,44225745,966799636
31-Okt-2017,GLOB,EQUITY,1111112000,456,0,996622500,0,0,20160700,0,0,0,0,1016783200,0,0,0,18457500,0,0,15800,0,75855500,94328800
31-Okt-2017,GMCW,EQUITY,58839958,860,0,10705450,0,0,6168168,0,5000,0,0,16878618,0,0,0,0,0,0,0,0,39152500,39152500
31-Okt-2017,GMFI,EQUITY,28233511500,372,1586175500,177405500,129696900,0,288552000,390231300,71279700,24194800,1000000,2668535700,0,6083200,0,78237000,1017200,24909400,38180000,0,6388600,154815400
31-Okt-2017,GMTD,EQUITY,101538000,9975,0,12433700,0,0,251200,809300,0,0,0,13494200,0,0,0,94000,80000,0,100800,0,0,274800
31-Okt-2017,GOLD,EQUITY,314600000,535,0,168527675,0,0,6746000,0,128249225,0,0,303522900,0,0,0,10675000,402100,0,0,0,0,11077100
31-Okt-2017,GOLL,EQUITY,3665000009,113,0,2864990000,0,0,88528109,0,0,578200,0,2954096309,0,696350000,0,11456900,399200,0,2687600,0,0,710893700
31-Okt-2017,GPRA,EQUITY,4276655336,137,0,2325219186,0,0,1187676739,0,747774884,0,0,4260670809,0,2666343,200000,4300084,8267,0,0,0,8809833,15984527
31-Okt-2017,GREN,EQUITY,4694111791,328,233000000,201598700,0,0,71588291,1253327800,142345000,0,0,1901859791,0,0,0,0,452000,0,0,0,2791800000,2792252000
31-Okt-2017,GRIV,EQUITY,931392000,0,110822000,49159814,1200,20683920,43486489,0,26843226,0,0,250996649,0,0,0,14352,21082320,1788000,1660800,0,182707456,207252928
31-Okt-2017,GSMF,EQUITY,7454723337,120,37500,86220,0,880,18431647,0,40965,0,0,18597212,0,434700,0,24,2937,1912400,229121,0,0,2579182
31-Okt-2017,GTBO,EQUITY,2500000000,260,5373000,660231500,0,0,55015300,4200500,5522,0,0,724825822,0,0,0,15630137,50000,127500,74241,0,1757096800,1772978678
31-Okt-2017,GWSA,EQUITY,7800760000,123,358750000,360294400,367250000,0,308514900,147561000,0,0,0,1542370300,0,12606900,0,5202700,12516800,0,26995300,0,0,57321700
31-Okt-2017,GZCO,EQUITY,6000000000,72,90000,1736283300,12975000,0,1442323700,36476600,143944700,0,0,3372093300,0,989000,0,2047002600,79639000,0,480262000,0,20014100,2627906700
31-Okt-2017,HADE,EQUITY,2120000000,50,0,276468100,307650000,0,519574900,292306000,0,0,0,1395999000,0,0,0,0,31000,0,5472000,0,1298000,6801000
31-Okt-2017,HDFA,EQUITY,2329668917,210,0,1747921332,0,0,291747985,0,0,0,0,2039669317,0,0,0,289999600,0,0,0,0,0,289999600
31-Okt-2017,HDTX,EQUITY,3601462800,490,158870000,212221100,0,2600,20319960,0,130800,0,0,391544460,0,341788300,0,157100,7195600,0,166800,0,0,349307800
31-Okt-2017,HERO,EQUITY,4183634000,1100,44200,117213431,11392555,43000,113376968,618240,448880,0,0,243137274,0,104910195,8939850,62728935,23605600,152805290,151461692,9698800,32895720,547046082
31-Okt-2017,HEXA,EQUITY,840000000,3470,1730500,163100,74100,0,28539200,362500,83683,75000,0,31028083,0,50522570,11852600,12182991,1666500,85550744,14990261,0,6511251,183276917
31-Okt-2017,HITS,EQUITY,7101084801,720,0,5970878548,0,0,438441577,0,73522,0,207692,6409601339,0,230,0,0,111923,0,5000,0,690099347,690216500
31-Okt-2017,HMSP,EQUITY,116318076900,3980,1468777425,417377850,369577425,1356250,1309650568,1666104551,7298763,31718975,5273200,5277135007,54103850,200309586,462877442,276848639,48176225,1562510986,212813000,173625,550704115,3368517468
31-Okt-2017,HOKI,EQUITY,2350000000,316,16704800,48877500,7761300,0,346225800,268764300,2437000,2950000,1100900,694821600,0,0,0,80000,2608400,2000000,0,0,490000,5178400
31-Okt-2017,HOME,EQUITY,2266550488,117,0,4223000,0,0,530887088,22973500,39985700,0,0,598069288,0,99800,0,396387300,32479100,0,67308500,0,2420000,498694700
31-Okt-2017,HOTL,EQUITY,3550001352,107,0,1427645000,0,0,692192552,156963000,1258109000,56500,0,3534966052,0,1800,0,0,0,0,33500,0,0,35300
31-Okt-2017,HRTA,EQUITY,4605262400,294,392555200,9753100,30808100,0,146694900,494869200,39400,0,200000,1074919900,0,0,0,23962500,0,0,0,0,6380000,30342500
31-Okt-2017,HRUM,EQUITY,2703620000,2350,70778300,401706000,21669100,0,189686032,53564400,9089233,1797000,231900,748521965,530000,13990900,20907900,71467661,970500,45452300,20476727,2203700,29164347,205164035
31-Okt-2017,IATA,EQUITY,9979518088,50,41011530,2586398570,6805000,0,1374461027,343001300,87357,545,1500000,4353265329,0,5273431243,0,58869891,10922905,0,3571880,0,277977202,5624773121
31-Okt-2017,IATG,EQUITY,899973500,0,0,212862500,55133500,0,58989250,0,390000000,0,0,716985250,0,1247500,0,11185000,1192250,135000000,1793500,0,390000,150808250
31-Okt-2017,IBFN,EQUITY,3173720000,180,100000000,2343284990,0,0,27576100,496825600,0,0,0,2967686690,0,205960400,0,0,72900,0,0,0,0,206033300
31-Okt-2017,IBST,EQUITY,1350904927,9700,0,950730196,0,0,1883304,0,1000,0,0,952614500,0,243166127,0,62463000,500,25635900,22700,0,67002000,398290227
31-Okt-2017,ICBP,EQUITY,11661908000,8800,349770300,108483000,325735000,0,31327020,341144323,797352,14313000,362900,1171932895,13987618,254637396,107490321,96060318,2242270,262088367,59915427,819200,363206380,1160447297
31-Okt-2017,ICON,EQUITY,1089750000,141,58440476,364024957,500000,0,258380425,51262142,7641200,0,0,740249200,0,0,0,17767900,18017300,0,7300,0,20000000,55792500
31-Okt-2017,IDPR,EQUITY,2003000000,1160,0,2068800,0,0,26781910,111653500,4741500,0,0,145245710,0,19859200,0,44208200,953200,39572700,3280000,0,49880990,157754290
31-Okt-2017,IGAR,EQUITY,972204500,390,0,58478500,0,20000,131560700,2190000,1900000,0,0,194149200,0,10000,0,0,1819500,0,77000,0,60000,1966500
31-Okt-2017,IIKP,EQUITY,33600000000,206,1493978040,9687156677,409027000,0,4523608830,16563079500,369402600,8612000,238219020,33293083667,4188300,4765100,0,286079333,125000,5658600,100000,0,6000000,306916333
31-Okt-2017,IKAI,EQUITY,791383786,73,1000,514789000,0,0,127397000,1654000,73000,0,0,643914000,0,0,0,0,8865000,0,0,0,0,8865000
31-Okt-2017,IKBI,EQUITY,1224000000,344,6606000,13279200,0,0,19901200,0,2000,0,0,39788400,0,50652800,0,0,482000,0,24000,0,0,51158800
31-Okt-2017,IMAS,EQUITY,2765278412,1010,125931616,527088892,7096700,0,16968520,2300,987714,50000,10500,678136242,0,406684,0,64177968,8996800,7484500,12680782,0,1989740874,2083487608
31-Okt-2017,IMJS,EQUITY,4325000000,274,205951000,48660100,10000000,0,138600000,4108400,300000,0,0,407619500,0,0,0,25700000,837500,0,400000,0,15443000,42380500
31-Okt-2017,IMPC,EQUITY,4833500000,995,0,1057620954,0,0,302978646,24400000,0,0,0,1384999600,0,63950000,337600,20269100,0,1243700,200000,0,29500000,115500400
31-Okt-2017,INAF,EQUITY,3099267500,2640,468804000,22190700,111000,0,42124332,55216800,665868,0,0,589112700,426700,1555600,238600,335600,537500,2676200,86600,0,4298000,10154800
31-Okt-2017,INAI,EQUITY,633600000,394,0,80310800,0,0,151199400,0,2000,0,0,231512200,0,0,0,200000,88000,5334000,1324200,0,0,6946200
31-Okt-2017,INCF,EQUITY,1438370465,206,0,578422239,0,0,757740845,0,6350,0,1062000,1337231434,0,82812454,0,3387101,0,0,8500,0,53500,86261555
31-Okt-2017,INCI,EQUITY,181035556,408,311,1599266,0,15215,173491924,2460,51541,0,200536,175361253,0,0,0,2444248,341701,0,1325286,0,51630,4162865
31-Okt-2017,INCO,EQUITY,9936338720,2940,342273712,53934029,157273624,160,329181028,277653405,9600697,7195400,713200,1177825255,10857690,66347547,82827616,61983475,4821700,219509143,79683674,49500,288538980,814619325
31-Okt-2017,INDF,EQUITY,8780426500,8200,473340650,43833341,405507060,133571,84559893,371610915,2067042,32309500,476100,1413838072,30970213,551127052,319997366,463103264,8110553,641452164,161488766,5057432,729617871,2910924681
31-Okt-2017,INDR,EQUITY,654351707,1310,5986000,1250104,0,5485,15003048,36895900,3459,500,0,59144496,0,34445252,0,145986000,474060,44576400,536788,0,34905089,260923589
31-Okt-2017,INDS,EQUITY,656249710,1445,435750,578227123,82,0,56380232,0,469616,0,0,635512803,0,4268686,0,2706881,6026207,0,1633805,0,524200,15159779
31-Okt-2017,INDX,EQUITY,437913588,118,0,186550,0,0,47561358,0,90150,0,0,47838058,0,21086100,0,116483239,2429500,0,252700,0,246504041,386755580
31-Okt-2017,INDY,EQUITY,5210192000,2250,3861400,3378789890,15385500,0,1117770877,119339200,8418572,2726100,219100,4646510639,0,6327900,9245601,120440869,3285500,15934800,110887742,4170700,293388239,563681351
31-Okt-2017,INKP,EQUITY,5470982941,5275,175025802,223518344,913492,208934,356945402,111762993,146528218,312641,21628,1015237454,368400,189455661,36581969,388807175,167634004,87198600,195857293,1466600,141353486,1208723188
31-Okt-2017,INPC,EQUITY,15796193145,87,5331130,4185513237,3324937,284,948223890,2000014,646267,42,1000000,5146039801,0,0,0,6145540,1985318,2457100,669582242,0,1,680170201
31-Okt-2017,INPP,EQUITY,11181971732,620,0,4136502909,0,0,55949702,28,0,50000000,0,4242452639,0,2309301500,0,2562954873,1000000,0,8959100,0,0,4882215473
31-Okt-2017,INRU,EQUITY,1388883283,308,519950,32500,0,22000,8295761,0,53833,0,0,8924044,0,2686893,0,1290805227,2683492,0,35509228,0,14923624,1346608464
31-Okt-2017,INTA,EQUITY,3323121876,388,51650000,674380221,62384600,0,849120771,565313061,26391351,500000,0,2229740004,0,0,0,1028107,405900,0,92,0,6812050,8246149
31-Okt-2017,INTD,EQUITY,591828000,396,1500,7660000,4000,0,219054020,0,394500,4800,0,227118820,0,347942500,0,0,37000,0,50000,0,0,348029500
31-Okt-2017,INTP,EQUITY,3681231699,22450,49862000,10855344,88056380,260,6798063,26869714,95529,20998800,210800,203746890,9003422,339366641,149891007,82022888,22369153,492253381,54604042,1140192,2318298258,3468948984
31-Okt-2017,INVS,EQUITY,9990273135,117,4106100,2361156991,4489817,0,739945834,0,5012274,0,11871756,3126582772,4495634,1511604572,20066534,648672347,28828138,12245913,3095934,155456,16252217,2245416745
31-Okt-2017,IPOL,EQUITY,6443379509,155,20638500,1037013900,27158700,0,766953829,0,100034,0,0,1851864963,0,0,0,252645300,895200,0,166842666,0,30809100,451192266
31-Okt-2017,ISAT,EQUITY,5433933500,6000,107049200,599800,18824400,2500,10385046,51964347,226304,775600,113700,189940897,0,126011812,6372508,3563408808,280300,116146777,13552583,178828,639929842,4465881458
31-Okt-2017,ISSP,EQUITY,7185992035,166,432275700,241199341,51144000,0,1185966809,129748900,300267,0,0,2040635017,0,218901455,4026300,32056800,124856400,2515900,5009500,0,561402278,948768633
31-Okt-2017,ITMA,EQUITY,680000000,860,0,0,0,0,20082000,0,0,0,0,20082000,0,645638000,0,0,100000,0,0,0,0,645738000
31-Okt-2017,ITMG,EQUITY,1129925000,22200,29540000,34588000,19910100,0,23911118,36005813,1221374,311900,118800,145607105,2934100,37686415,25802094,32907198,451400,74886798,21489608,969000,52739282,249865895
31-Okt-2017,ITTG,EQUITY,1379000000,82,0,2915500,0,0,286385750,0,24000,0,0,289325250,0,200000,0,7620750,282000,0,20455750,0,1061114750,1089673250
31-Okt-2017,JAKA,EQUITY,520012400,0,0,340161500,0,0,155078400,0,424000,0,0,495663900,0,306700,0,3717800,20324000,0,0,0,0,24348500
31-Okt-2017,JASS,EQUITY,515835509,0,0,258987212,0,0,0,0,0,0,0,258987212,0,256848297,0,0,0,0,0,0,0,256848297
31-Okt-2017,JAWA,EQUITY,3774685500,246,7334000,2670938600,1100000,0,264422215,0,200,0,318997585,3262792600,0,136860500,0,287511800,25895500,0,53439600,0,8185500,511892900
31-Okt-2017,JECC,EQUITY,151200000,4990,26578300,4001600,2822700,0,5725260,0,25000,0,654500,39807360,0,268600,0,2865900,9100,0,13000,0,0,3156600
31-Okt-2017,JGLE,EQUITY,22581909405,135,26800,17452968068,130000,0,638621456,4294809500,189108800,0,0,22575664624,0,100,0,0,87000,0,0,0,0,87100
31-Okt-2017,JIHD,EQUITY,2329040482,490,5000,332633602,4108700,0,571532850,5455300,1002523,0,0,914737975,0,11428500,35698,137365100,25770200,329000,11813100,0,115600745,302342343
31-Okt-2017,JKON,EQUITY,16308519860,590,662233700,235160300,16993200,0,785310075,157040440,354512240,655896163,0,2867146118,0,565528337,0,1164591505,35670845,7700000,49251285,0,479482350,2302224322
31-Okt-2017,JKSW,EQUITY,150000000,97,0,0,0,0,50099900,0,208000,0,0,50307900,0,115000,0,0,70600,0,0,0,0,185600
31-Okt-2017,JPFA,EQUITY,11410522910,1375,175313300,113694938,3225800,1464125,319060597,54136300,3264122,118000,0,670277182,3562600,6722912000,93149600,2915555137,15615945,272719054,573409112,1743400,88494585,10687161433
31-Okt-2017,JPRS,EQUITY,750000000,134,0,219000,500000,0,110397150,0,70000,0,0,111186150,0,100000,0,360000,900600,0,1700000,0,0,3060600
31-Okt-2017,JRPT,EQUITY,13750000000,905,276440250,5516287700,139584300,12500,258345350,334867200,12528300,119241300,0,6657306900,0,393268000,0,1771497100,15155600,272645300,27363440,0,1228803860,3708733300
31-Okt-2017,JSMR,EQUITY,7257871200,6500,223651376,30354237,319652643,0,92361284,258958123,2526791,11109363,143981,938757798,16238239,37047745,353257795,175838596,4646355,331879687,68128473,4177850,246388822,1237603562
31-Okt-2017,JSPT,EQUITY,2318736000,2500,0,1304435256,0,0,336890963,0,9500,0,48200,1641383919,0,399189937,0,0,30200,0,0,0,0,399220137
31-Okt-2017,JTPE,EQUITY,1713012500,308,0,1153677000,0,0,535107900,20981600,0,0,0,1709766500,0,0,0,3080000,49000,0,55000,0,62000,3246000
31-Okt-2017,KAEF,EQUITY,5554000000,2770,302187600,24815000,12272900,0,165522100,6398300,1465700,0,0,512661600,0,994000,0,3980400,482700,34850200,520800,0,480300,41308400
31-Okt-2017,KARK,EQUITY,19324488028,0,0,2771108595,1550000,0,10147727311,0,431042000,0,1000000,13352427906,0,20026731,0,10600000,119923500,0,424610000,0,5394886891,5970047122
31-Okt-2017,KARW,EQUITY,587152700,137,0,580900,0,0,73906500,11464100,6500,0,0,85958000,0,26750000,0,471630500,537300,0,200000,0,729200,499847000
31-Okt-2017,KBLI,EQUITY,4007235107,440,24235700,437004941,43984400,24000,667419880,46448300,6099052,600000,100000,1225916273,0,7109800,4125400,338212104,48549300,34936500,40465109,0,48655486,522053699
31-Okt-2017,KBLM,EQUITY,1120000000,270,250500,782100000,200000,29736000,45022420,0,74505800,0,100000,931914720,0,0,0,11702200,1000,0,64000,0,0,11767200
31-Okt-2017,KBLV,EQUITY,1742167907,795,0,726025208,0,0,12616030,4630600,1030,0,0,743272868,0,1080,0,960808159,5800,0,80000,0,0,960895039
31-Okt-2017,KBRI,EQUITY,8687995734,50,131324,109314290,116650000,0,1686140746,247644900,4258750,0,0,2164140010,0,6515996801,0,3050000,3169750,0,1638900,0,273,6523855724
31-Okt-2017,KDSI,EQUITY,405000000,530,0,118786000,0,0,80474000,0,54500,0,0,199314500,0,92500,0,0,1231500,0,210000,0,0,1534000
31-Okt-2017,KIAS,EQUITY,14929100000,100,42000,57000,0,13000,252417890,775000,67000,0,0,253371890,0,0,0,0,99072,0,641405,0,0,740477
31-Okt-2017,KICI,EQUITY,276000000,170,600,3985600,150000,3040,22763180,0,201708,0,0,27104128,0,4460200,0,24214000,2385040,168360,58200,0,0,31285800
31-Okt-2017,KIJA,EQUITY,20824888369,304,125727809,1727806571,1061156194,138974,3191294783,1187904127,1591353692,237691997,36768709,9159842856,112184778,2526133334,288467500,3650851739,144828059,1094960899,455515648,1782683,133225058,8407949698
31-Okt-2017,KINO,EQUITY,1428571500,2000,0,993017100,0,0,173851400,3229300,100669,0,0,1170198469,0,3770900,0,156509500,38500,49582500,38200,0,48433431,258373031
31-Okt-2017,KIOS,EQUITY,650000000,2850,0,559865000,0,0,90081700,1000,0,0,0,649947700,0,35500,0,0,10000,0,6800,0,0,52300
31-Okt-2017,KKGI,EQUITY,5000000000,356,0,1578175850,892500,150000,327026665,532500,1955750,0,0,1908733265,0,4735800,1588800,2322138535,33309700,7989400,192329500,0,14810000,2576901735
31-Okt-2017,KLBF,EQUITY,46875122110,1600,1227759250,28192507627,1382487700,8937700,1325195717,961615758,15601275,43093730,785900,33157984657,120158304,937478059,1657541924,2603511597,190980395,4134158880,889908280,17052300,3071777559,13622567298
31-Okt-2017,KMTR,EQUITY,7682950000,380,0,3649405100,600000,0,26810600,0,0,0,0,3676815700,0,3457331300,0,350013900,2000,0,0,0,198787100,4006134300
31-Okt-2017,KOBX,EQUITY,2272500000,120,22500000,2029817500,400000,0,151300700,0,100000,12100000,0,2216218200,0,0,0,5000000,25692000,1085300,607800,0,23896700,56281800
31-Okt-2017,KOIN,EQUITY,980843732,296,0,80475,25,0,77936669,13039950,125,0,0,91057244,0,104161503,0,950000,0,0,0,0,0,105111503
31-Okt-2017,KONI,EQUITY,152000000,720,12460000,58000,0,0,32522400,0,28000,0,0,45068400,0,0,0,0,0,0,600,0,0,600
31-Okt-2017,KOPI,EQUITY,697266668,750,0,561123841,0,0,32316738,0,6710,0,0,593447289,0,52295501,0,0,50185,0,0,0,100,52345786
31-Okt-2017,KPIG,EQUITY,6891067237,1290,955100,1710835051,57188100,0,653742934,60435950,51705394,0,40000,2534902529,0,3619839610,145700,14526500,2029300,4318900,1255734,0,714048964,4356164708
31-Okt-2017,KRAH,EQUITY,971190000,2720,0,68078700,0,0,85862000,0,0,0,0,153940700,0,0,0,9699300,0,0,0,0,0,9699300
31-Okt-2017,KRAS,EQUITY,19346396900,492,432255419,41732849,277512102,0,1779495886,294912160,51748228,6577659,31600,2884265903,2724098,131105910,20230012,104269758,28370370,214377101,316828389,31700,52346991,870284329
31-Okt-2017,KREN,EQUITY,18208470100,610,503792800,6701424456,8150000,0,8217290144,585694800,23267000,15673000,1400000,16056692200,10467100,15452100,8813300,1800949117,59326200,105233500,33586844,1545183,116404556,2151777900
31-Okt-2017,LAMI,EQUITY,1148418000,368,0,80213700,0,0,1192000,0,0,0,321800,81727500,0,0,0,0,2500,0,0,0,0,2500
31-Okt-2017,LAPD,EQUITY,3966350139,50,0,850890736,0,0,1100749171,25170200,278217501,0,900000,2255927608,0,1200000000,0,100,2115900,0,46300,0,508260231,1710422531
31-Okt-2017,LCGP,EQUITY,5630000914,99,1128770150,522291879,584928700,0,1478170351,1150002227,8050700,398150900,0,5270364907,0,126800000,5232800,15407307,1599600,5490800,202362000,0,2743500,359636007
31-Okt-2017,LEAD,EQUITY,4049616328,99,248100,97708700,1810000,0,2242556352,152837986,5199648,1000000,0,2501360786,0,0,0,29388614,18329700,15350000,79436828,0,18731400,161236542
31-Okt-2017,LINK,EQUITY,3042649384,4990,4575500,1119842686,8000,0,4473550,4649200,553,0,0,1133549489,790700,1111505990,73064788,175701268,57442679,226379513,57253590,837233,206124134,1909099895
31-Okt-2017,LION,EQUITY,520160000,780,0,0,0,0,26259000,0,1150000,0,0,27409000,0,32700000,0,149000,10679500,0,5000,0,0,43533500
31-Okt-2017,LMAS,EQUITY,787851525,63,0,1340000,500000,0,721789315,0,5767710,0,0,729397025,0,0,0,39070000,7461250,0,1794750,0,10128150,58454150
31-Okt-2017,LMPI,EQUITY,1008517669,175,0,840,0,0,326114325,0,17422,0,57901002,384033589,0,0,0,6218400,18300,0,0,0,0,6236700
31-Okt-2017,LMSH,EQUITY,96000000,630,0,2500,0,0,12533700,0,5500,0,0,12541700,0,4700000,0,64000,6644200,0,179100,0,0,11587300
31-Okt-2017,LPCK,EQUITY,696000000,3800,8453800,7573439,2215800,0,60905614,13507900,4123115,546000,0,97325668,0,9328700,7062000,106526758,9817000,44025900,11940995,0,30731182,219432535
31-Okt-2017,LPGI,EQUITY,150000000,4950,0,127525200,0,0,16726100,1000000,1020000,0,0,146271300,0,0,0,0,49100,116000,1875300,0,1615800,3656200
31-Okt-2017,LPIN,EQUITY,106250000,1270,0,87416600,0,0,12719100,4750000,2500,0,0,104888200,0,0,0,649800,0,0,0,0,0,649800
31-Okt-2017,LPKR,EQUITY,23077689619,690,229818607,6792912581,19163900,618178,1061979326,178721423,12189891,175000,60000,8295638906,362691031,7556266332,686852735,831858791,204467160,1337600012,628831110,5184600,3091461424,14705213195
31-Okt-2017,LPLI,EQUITY,1170432803,170,125,672158089,333575,8582,253454310,0,96272,50,0,926051003,0,49700,0,1032984,1606765,500,1905358,0,3573539,8168846
31-Okt-2017,LPPF,EQUITY,2917918080,8600,54151433,524740600,10724600,0,29703883,43618540,500776,1855120,98000,665392952,35898763,105446757,253179882,291423571,15110710,1034413442,86947280,1306400,428589983,2252316788
31-Okt-2017,LPPS,EQUITY,2588250000,99,0,2107935782,250000,600,454656327,0,496066,250,0,2563339025,0,0,0,1960002,6016050,2223200,5500463,0,2517249,18216964
31-Okt-2017,LRNA,EQUITY,350000022,96,0,100,0,0,122857922,1100000,1468500,0,0,125426522,0,0,0,0,16798000,0,200000,0,7575500,24573500
31-Okt-2017,LSIP,EQUITY,6822863965,1510,841039700,56456660,273317550,3237510,403899323,305450777,36935361,17757600,2680700,1940775181,28463300,95403087,66460300,92662100,4579500,269507182,96927794,1626700,165666266,821296229
31-Okt-2017,LTLS,EQUITY,1560000000,505,2200,963632736,0,51200,321923100,2000000,2476464,1000,0,1290086700,0,225242000,1016700,12084200,6790000,16301000,1562800,0,886000,263882700
31-Okt-2017,MABA,EQUITY,5925000000,1930,0,5736450477,0,0,188426923,0,0,0,0,5924877400,0,0,0,120600,2000,0,0,0,0,122600
31-Okt-2017,MAGP,EQUITY,9000000004,50,5248000,1655197823,633218000,0,2051409536,87455500,23751245,0,0,4456280104,0,0,0,0,37403600,0,1192300,0,5124000,43719900
31-Okt-2017,MAIN,EQUITY,2238750000,880,180000,1283600,7413900,11000,129336792,4557000,5868404,110000,0,148760696,0,1496149444,102761500,84303818,202326500,99422800,53018102,0,52007140,2089989304
31-Okt-2017,MAMI,EQUITY,4187239903,102,47500437,514117272,20400000,100000,3344521009,0,17219019,0,0,3943857737,0,641500,0,203832228,2107118,0,1563100,0,88421,208232367
31-Okt-2017,MAMIP,EQUITY,6000000,600,0,199500,0,0,5414500,0,0,0,0,5614000,0,0,0,0,1000,0,0,0,0,1000
31-Okt-2017,MANY,EQUITY,112460000,0,0,93926000,0,0,17693500,0,317500,494500,0,112431500,0,0,0,0,25000,0,0,0,0,25000
31-Okt-2017,MAPB,EQUITY,2170922900,2040,0,37748800,55000,0,7298100,0,0,0,0,45101900,0,51600,0,0,2718400,0,302100,0,431548900,434621000
31-Okt-2017,MAPI,EQUITY,1660000000,6550,66373600,900443490,28416700,0,9192030,136824100,398232,2419100,188900,1144256152,1706300,52090967,48780213,115802488,296000,149260511,19883068,11998774,115925527,515743848
31-Okt-2017,MARI,EQUITY,525264400,1215,24600000,146435560,4098200,0,97310340,49257100,91070540,500000,0,413271740,0,0,0,18892700,0,790000,0,0,0,19682700
31-Okt-2017,MARK,EQUITY,760000062,1195,0,0,0,0,96713000,0,0,0,0,96713000,0,9700,0,4808900,55722900,0,2305000,0,440500,63287000
31-Okt-2017,MASA,EQUITY,9182946945,216,295237400,2352808237,30074000,0,2830495046,105399150,260007103,4648638,0,5878669574,0,9445500,0,2933324553,29357400,23622000,49968725,0,258559193,3304277371
31-Okt-2017,MAYA,EQUITY,5465928600,3800,0,48741,0,0,18480483,4890565,20114,0,0,23439903,2186371437,112,0,92,1050,0,281045,0,1139860568,3326514304
31-Okt-2017,MBAP,EQUITY,1227271952,3660,0,110460560,0,0,110618700,0,0,0,0,221079260,0,368181600,0,0,12102400,0,0,0,0,380284000
31-Okt-2017,MBSS,EQUITY,1750026639,650,159000,896206286,0,0,273408067,47327900,9689929,0,0,1226791182,0,454439505,2294000,38424962,1702800,0,240000,1586200,24547990,523235457
31-Okt-2017,MBTO,EQUITY,1070000000,158,233200,42984600,3064500,0,270847600,0,320000,0,0,317449900,0,2125400,0,33801500,993200,0,84000,0,546000,37550100
31-Okt-2017,MCAS,EQUITY,867933300,1,0,28435900,409600,0,43549500,62611300,61700,0,0,135068000,0,3138300,0,39130000,1095000,26772000,1280000,0,10500000,81915300
31-Okt-2017,MCOR,EQUITY,16631460751,206,0,108772477,14650000,0,5380245470,0,5566163,490000,0,5509724110,0,9990408868,0,857847655,3582109,0,1877000,0,2800000,10856515632
31-Okt-2017,MDIA,EQUITY,39215538400,190,2155756800,1028867500,0,0,21674000,208846900,459184000,0,0,3874329200,0,12807000,0,0,1872800,0,161000,0,32380000,47220800
31-Okt-2017,MDKA,EQUITY,3569587140,2350,15848600,1678291857,0,0,771506071,0,4085000,2640062,0,2472371590,0,6687000,0,55899990,12371200,654500,777400,0,791825460,868215550
31-Okt-2017,MDKI,EQUITY,1807250000,390,16666000,8280800,1059400,0,134565900,20746000,0,1250000,0,182568100,0,0,0,0,5122500,0,119559400,0,0,124681900
31-Okt-2017,MDLN,EQUITY,12533067322,330,182264500,1798794292,10761196,200,1345905730,409070074,2598494306,92453700,80000,6437823998,5724100,1634552642,57081700,2242353047,6274900,449615693,79871532,2705600,1507260774,5985439988
31-Okt-2017,MDRN,EQUITY,4574697999,50,125000,947773460,0,85500,962886628,228794152,3142,0,4000000,2143667882,22000000,1061745436,34586200,233852100,24495054,0,54769950,141370700,127972422,1700791862
31-Okt-2017,MEDC,EQUITY,13329805800,790,462685400,984547220,115284100,4452000,971275124,641637324,16031376,14635100,5745600,3216293244,4379700,8907031824,124646300,318366992,8794900,303736200,220042788,37600,134353252,10021389556
31-Okt-2017,MEGA,EQUITY,6963775206,2950,337621022,4676195638,0,0,16891882,0,306784,0,0,5031015326,0,742761874,0,824053860,5512131,0,166042,0,360265973,1932759880
31-Okt-2017,MERK,EQUITY,448000000,8425,0,138100,10000,8000,20620300,74900,1173080,0,0,22024380,0,59171120,0,5228000,4327900,0,4000,0,20204600,88935620
31-Okt-2017,META,EQUITY,15235671880,190,11236818,8802645091,176780667,0,1532543904,1339527880,769497223,215400,0,12632446983,0,61308700,49027600,1656147326,11443550,236334200,131592500,0,454643729,2600497605
31-Okt-2017,MFIN,EQUITY,1325000000,1295,4055400,0,3098900,0,251734100,33213500,10000,1250000,0,293361900,0,2594100,267500,22942000,243200,2881700,2328100,89900,291600,31638100
31-Okt-2017,MFMI,EQUITY,757581000,760,0,747492400,0,0,3905500,6000000,0,0,0,757397900,0,0,0,100,182000,0,0,0,0,182100
31-Okt-2017,MGNA,EQUITY,1003080977,67,38020000,505239900,0,0,216584477,0,63126300,0,0,822970677,0,0,0,0,110300,0,0,0,180000000,180110300
31-Okt-2017,MICE,EQUITY,600000000,400,0,22587000,0,0,156077000,2356500,1500100,72000,0,182592600,0,46888936,23444468,10049500,189900,85000,13508900,0,41669568,135836272
31-Okt-2017,MIDI,EQUITY,2882353000,1100,0,2254925600,0,0,55115500,0,0,0,0,2310041100,0,64081100,0,24576500,338800,53623600,33926100,0,16015800,192561900
31-Okt-2017,MIKA,EQUITY,14550736000,1860,196030500,11949964200,83868000,0,75626000,207861800,5263457,7390700,163100,12526167757,394000,113107337,625253990,272315588,9266000,159669249,32955803,0,811606276,2024568243
31-Okt-2017,MINA,EQUITY,1312500000,2510,0,0,0,0,1151275300,77886400,8157000,0,0,1237318700,0,0,0,153200,28100,0,0,0,0,181300
31-Okt-2017,MIRA,EQUITY,3961452039,50,0,860617622,1961000,0,1651504000,150000,351659729,822200,50000,2866764551,0,40000000,0,23088888,34067300,0,2182800,0,994472500,1093811488
31-Okt-2017,MITI,EQUITY,1411550800,50,15400500,114044681,62500,0,358551085,625000,3488200,728400,0,492900366,0,766268972,0,2237125,9331662,0,345125,0,140226925,918409809
31-Okt-2017,MKNT,EQUITY,1000000000,1420,0,383398100,0,0,12389500,93642800,0,0,0,489430400,0,0,0,206300,362300,0,0,0,0,568600
31-Okt-2017,MKPI,EQUITY,948194000,35525,0,32429427,0,0,27791600,2983700,4955100,545500,0,68705327,0,86500,104100,8069700,0,5500,511700,0,27805200,36582700
31-Okt-2017,MLBI,EQUITY,2107000000,14425,0,86200,9062500,0,19974500,41282000,10080,875200,0,71290480,0,8013000,0,34755800,358600,55678700,707400,0,55144720,154658220
31-Okt-2017,MLIA,EQUITY,1323000000,630,34000,943374758,0,2060,135281157,0,27891,500,0,1078720366,0,194252420,0,2020096,895892,0,52460,0,11932000,209152868
31-Okt-2017,MLPL,EQUITY,10064747323,171,259508096,5583524590,2688939,2757912,1071508949,129292955,13247373,1040345,250,7063569409,0,23387550,168866069,2324358763,135204615,158686131,132968261,0,52196182,2995667571
31-Okt-2017,MLPT,EQUITY,1875000000,695,0,357407800,0,0,3885000,870000,0,0,0,362162800,0,1804200,3721700,136700,0,1820200,1584200,671700,3098500,12837200
31-Okt-2017,MMLP,EQUITY,5714285000,585,245174100,2010060200,9460300,0,288568000,123522800,164971000,37211700,0,2878968100,0,542805100,0,599412500,20284500,111795900,82470600,0,1438548300,2795316900
31-Okt-2017,MNCN,EQUITY,14276103500,1560,18464500,9163396550,12902100,0,138630849,95716859,28239909,148900,160400,9457660067,29328869,1377256968,447078267,377897731,152388872,912520572,517798262,44827001,959345189,4818441731
31-Okt-2017,MPMX,EQUITY,4462963276,1085,14668500,2443769734,1602400,0,398549615,58672900,491690,0,0,2917754839,142500,164620400,2106200,110144298,6584100,31890400,40260181,311100,1189149258,1545208437
31-Okt-2017,MPOW,EQUITY,816997053,312,0,0,0,0,215402812,0,0,0,0,215402812,0,472146641,0,17000,129360600,0,70000,0,0,601594241
31-Okt-2017,MPPA,EQUITY,5377962800,580,145995449,2999315677,4046300,250900,269966665,17703800,18626480,320000,0,3456225271,687100,1476314575,29645600,191769238,5586200,115076225,80581380,0,21081556,1920741874
31-Okt-2017,MRAT,EQUITY,428000000,200,0,831500,0,0,52745700,0,0,0,0,53577200,0,8500,0,39913600,818500,19386000,920800,0,5842500,66889900
31-Okt-2017,MREI,EQUITY,388343761,4200,95278253,113418075,0,24004,3180144,61600,49080,0,87238,212098394,0,23267520,0,72392904,5807299,0,2600,0,68576657,170046980
31-Okt-2017,MSKY,EQUITY,1813064073,965,0,1563078465,4925900,0,64110536,4497600,16368365,0,210000,1653190866,0,8613700,0,17176431,107500,1099066,110119010,0,22757500,159873207
31-Okt-2017,MTDL,EQUITY,2455376917,595,182,275942503,50311,313498,1150570685,437484,228144,1638,204,1427544649,0,659,0,215362299,2372601,2197268,28871564,0,137274041,386078432
31-Okt-2017,MTFN,EQUITY,31842082852,50,269284400,6840801039,547610000,50,1772099057,7403159100,51438535,40,500000,16884892221,0,2030678315,0,610443065,1622789,21930,1219800,0,12226732077,14870717976
31-Okt-2017,MTLA,EQUITY,7655126330,356,1,87104901,0,0,1427935928,39738920,5507691,296985,0,1560584426,0,266252800,0,9890282,150035,40253500,22049837,0,2885272950,3223869404
31-Okt-2017,MTRA,EQUITY,770000000,264,0,27076900,0,0,122049000,0,0,0,0,149125900,0,0,0,2000000,1000000,0,17874100,0,0,20874100
31-Okt-2017,MTSM,EQUITY,232848000,268,0,15411872,0,80,10582916,0,0,0,0,25994868,0,1276000,0,100000,1272200,0,1232500,0,0,3880700
31-Okt-2017,MTWI,EQUITY,1525819116,386,0,5500,0,0,116684200,117500000,0,0,0,234189700,0,0,0,0,810300,0,75000000,0,0,75810300
31-Okt-2017,MYOH,EQUITY,2206312500,665,0,74426,0,0,418832933,78415700,10373691,0,0,507696750,174400,1514200,3511300,172986312,1317938,1254950,18564575,0,1499270825,1698594500
31-Okt-2017,MYOR,EQUITY,22358699725,2050,193247175,15341225,276450775,807675,150800875,863909200,10938895,20812725,461675,1532770220,0,306959000,66459200,58791950,2204650,258093187,573339763,1960375,659035180,1926843305
31-Okt-2017,MYRX,EQUITY,78719201175,118,8705895100,3194109268,186410600,0,37684925553,3705529000,2196111728,0,751856500,56424837749,47070000,2275155408,306666200,7027219836,58199800,1258501810,3770319300,25461000,5647336472,20415929826
31-Okt-2017,MYRXP,EQUITY,1120995000,50,0,27700000,0,0,1084111500,0,4136000,0,0,1115947500,0,0,0,0,4741000,0,250000,0,0,4991000
31-Okt-2017,MYTX,EQUITY,1466666577,142,0,1150811590,0,0,215382983,0,20853,0,0,1366215426,0,0,0,51334500,619900,0,300,0,0,51954700
31-Okt-2017,NAGA,EQUITY,1629000000,228,68150000,273381500,0,0,103468500,0,0,0,0,445000000,0,0,0,0,0,0,0,0,0,0
31-Okt-2017,NASA,EQUITY,11001000000,400,143000000,8035343500,0,0,2190641500,632015000,0,0,0,11001000000,0,0,0,0,0,0,0,0,0,0
31-Okt-2017,NELY,EQUITY,2350000000,128,0,68373300,0,0,139984400,0,0,0,0,208357700,0,0,0,0,30000000,0,111642300,0,0,141642300
31-Okt-2017,NIKL,EQUITY,2523350000,3000,517104800,2676050,116500,0,29652500,54151500,5300,0,0,603706650,340500,1389214600,997600,15953300,153100,3144900,51200,0,2692000,1412547200
31-Okt-2017,NIPS,EQUITY,1635333332,444,125326589,422707204,0,0,258796771,576100,267290033,0,15634798,1090331495,0,81384049,0,11202200,102600,38775500,101100,0,180656908,312222357
31-Okt-2017,NIRO,EQUITY,22198871804,59,1592058400,10911113519,1300000,0,648390244,5628732700,724702360,1000000,0,19507297223,0,944400,22277900,1993394481,14688100,121397200,17185100,0,521687400,2691574581
31-Okt-2017,NISP,EQUITY,11472648486,1915,0,386051386,0,473218,11935981,1527850,4232,0,0,399992667,0,10192657787,0,11548567,200751,617707488,3278860,2857100,124339050,10952589603
31-Okt-2017,NOBU,EQUITY,4437912300,905,0,1444432000,0,0,14715900,0,480000,0,0,1459627900,0,182100,1107100,345100,55100,333400,986261600,0,0,988284400
31-Okt-2017,NRCA,EQUITY,2496258344,434,49079600,1767495200,10025900,0,287522644,42522400,793180,961700,0,2158400624,0,5988100,0,10572420,926900,15527400,22291800,0,59176100,114482720
31-Okt-2017,OASA,EQUITY,358600000,675,0,258477600,0,0,81821400,0,0,0,0,340299000,0,0,0,18301000,0,0,0,0,0,18301000
31-Okt-2017,OCAP,EQUITY,273200000,430,0,400,0,0,140231200,0,14900,0,0,140246500,0,0,0,10000000,0,0,122949000,0,0,132949000
31-Okt-2017,OKAS,EQUITY,1765927777,440,0,918376846,0,0,77315178,3000000,1022,0,0,998693046,0,398716613,0,61015168,303120,0,328000,0,306871830,767234731
31-Okt-2017,OMRE,EQUITY,1745000000,380,0,258288488,0,10000,3997400,0,500,0,0,262296388,0,150000,0,16755000,0,0,0,0,0,16905000
31-Okt-2017,PADI,EQUITY,11307246524,1395,3900,651606600,0,0,8944738088,675838400,90991060,4834100,0,10368012148,0,50205360,0,192276920,10614156,0,140,0,7800,253104376
31-Okt-2017,PAFI,EQUITY,1611067000,0,0,5128500,0,0,306000,0,1000,0,0,5435500,0,98589490,0,0,0,0,0,0,0,98589490
31-Okt-2017,PALM,EQUITY,7119540356,336,1287500,6608530382,0,0,139151951,0,500,0,0,6748970333,0,17884700,0,15465042,22253600,0,89690900,0,225275781,370570023
31-Okt-2017,PANR,EQUITY,1200000000,605,0,1016715600,0,0,42823200,19189200,31071600,0,0,1109799600,0,100,0,20616800,0,38462100,3692700,0,27428700,90200400
31-Okt-2017,PANS,EQUITY,720000000,2050,0,222928400,23800,51200000,167001190,71615360,5625450,0,0,518394200,0,7583600,0,20292500,11900,13508300,342800,0,2266700,44005800
31-Okt-2017,PBRX,EQUITY,6478295611,486,0,3175101973,0,0,1570297698,217380400,463002190,0,0,5425782261,0,4125300,10787350,457853922,126954028,197754650,48733000,0,189511100,1035719350
31-Okt-2017,PBSA,EQUITY,1500000000,1700,0,210557300,0,0,13058700,0,0,0,0,223616000,0,0,0,0,0,0,0,0,76384000,76384000
31-Okt-2017,PDES,EQUITY,715000000,1295,0,642386600,0,0,72411400,194500,0,0,0,714992500,0,0,0,0,7500,0,0,0,0,7500
31-Okt-2017,PEGE,EQUITY,708354264,280,0,0,0,0,531528189,2224500,0,0,0,533752689,0,0,0,0,32501525,0,0,0,350000,32851525
31-Okt-2017,PGAS,EQUITY,24241508196,1840,796053800,169366720,795722000,0,1298675745,372014417,44425467,23898200,1374000,3501530349,300347680,1262066941,542499450,1159609407,19118039,1644439413,329037353,30928581,1642760727,6930807591
31-Okt-2017,PGLI,EQUITY,488000000,151,0,288296813,0,0,156649587,0,2099500,0,0,447045900,0,0,0,10000000,0,0,29204100,0,0,39204100
31-Okt-2017,PICO,EQUITY,568375000,222,0,15169500,0,0,15494500,0,5521500,0,0,36185500,0,70000,0,0,808000,879500,0,0,0,1757500
31-Okt-2017,PJAA,EQUITY,1599999998,1610,2074800,10660300,0,0,55720000,42605100,10000,10037500,0,121107700,0,9511900,0,3093300,9110600,3525900,2399000,0,11251600,38892300
31-Okt-2017,PKPK,EQUITY,600000000,79,0,61799000,0,0,537728100,0,50500,0,244500,599822100,0,0,0,0,168600,0,9300,0,0,177900
31-Okt-2017,PLAS,EQUITY,1184200000,50,856800,441963941,0,0,246908381,241969538,18506750,0,0,950205410,0,50000000,0,54100140,257250,10000000,102743700,0,16893000,233994090
31-Okt-2017,PLIN,EQUITY,3550000000,3950,47292500,3161314705,0,0,189355100,301500,3483500,0,0,3401747305,0,60771100,0,683000,19400,1000,46826200,0,19090495,127391195
31-Okt-2017,PNBN,EQUITY,24087645998,1090,970112610,71971784,98193265,37865,948031330,328672779,120112407,70199,224474,2537426713,45017601,9364164830,45059125,151534489,8010362,290415158,42472062,1734600,658005170,10606413397
31-Okt-2017,PNBS,EQUITY,10195335256,94,0,445026,4515200,4704572190,320692156,1147092074,7423500,0,0,6184740146,0,0,0,3902271000,610000,0,615900,0,50000,3903546900
31-Okt-2017,PNIN,EQUITY,4068323920,840,3041000,14361642,240273222,0,472526550,1405800,2026884,40000,0,733675098,57256000,6109900,2063000,279371200,9918370,46831300,168749300,0,316695960,886995030
31-Okt-2017,PNLF,EQUITY,32022073293,236,1473756028,102827852,2043264,0,1930510352,377174004,359720007,1565064,904300,4248500871,283075000,1229396630,861790906,1685377728,4461600,3257660385,703046815,46474000,2898004766,10969287830
31-Okt-2017,PNSE,EQUITY,797813496,1250,0,646047920,0,89990,138766043,0,31509,0,0,784935462,0,2309325,0,0,308115,0,5979768,0,1013520,9610728
31-Okt-2017,POLY,EQUITY,2313113365,69,250018,72872020,500000,0,540561769,2028600,350267,0,143000,616705674,0,64773730,0,47576979,33698522,1443805382,297014,0,37250142,1627401769
31-Okt-2017,POOL,EQUITY,2250164509,3350,14573200,824298065,0,0,158206634,769089400,10955000,2840900,0,1779963199,0,0,0,200,0,0,8000,0,0,8200
31-Okt-2017,PORT,EQUITY,2813941985,342,0,2237084085,0,0,9628500,0,0,0,0,2246712585,0,242391600,0,1870000,10000,0,184997300,0,137960500,567229400
31-Okt-2017,POWR,EQUITY,16087156000,1095,200762000,18470700,16552000,0,110775183,64105900,16787116,3207600,0,430660499,14621116,729346421,58985991,673906321,48041200,259592355,1868520,0,196051577,1982413501
31-Okt-2017,PPRO,EQUITY,61675671883,210,8701324041,1432767459,523591057,0,6188655266,3470856428,340442999,78718500,251186729,20987542479,16934497,147280511,49671243,106174643,4592211,136978416,6723920,2587999,113948844,584892284
31-Okt-2017,PRAS,EQUITY,701043478,238,0,842000,0,0,32399900,0,44000,0,0,33285900,0,0,0,0,243400,0,0,0,0,243400
31-Okt-2017,PRDA,EQUITY,937500000,3200,8053600,975000,8820400,0,14650800,27831700,101400,390600,0,60823500,0,1779400,7071700,14091700,169100,72065600,76000,0,78298000,173551500
31-Okt-2017,PSAB,EQUITY,26460000000,197,0,20298100,491000,0,404706370,250305300,206862900,0,0,882663670,0,24475905530,0,249494500,7009500,0,6350000,0,838576800,25577336330
31-Okt-2017,PSDN,EQUITY,1440000000,199,0,9276500,0,15000,26147753,0,1123447,0,0,36562700,0,299500,0,0,442000,0,542300,0,27980000,29263800
31-Okt-2017,PSKT,EQUITY,10351231636,50,0,1638889650,0,0,455619210,46029400,0,0,0,2140538260,0,7540906676,0,0,682700,0,660420000,0,0,8202009376
31-Okt-2017,PTBA,EQUITY,2304131850,11475,131358500,221813200,74006950,0,73820385,42885388,4648162,2066400,132900,550731885,3541040,7105176,21759245,51927163,1005000,78038500,26336434,0,36658907,226371465
31-Okt-2017,PTIS,EQUITY,550165300,600,0,1000,0,0,18103200,5511400,0,0,0,23615600,0,0,0,609500,35915500,0,25166400,0,14693000,76384400
31-Okt-2017,PTPP,EQUITY,6199897354,2850,216139163,50953708,162589667,0,393077224,336667094,8115765,41832418,5895844,1215270883,3298405,126531200,383128254,175375055,2120030,527170538,76119635,1137948,527797570,1822678635
31-Okt-2017,PTRA,EQUITY,294443500,0,20,11838420,93175,0,85330453,0,4490771,0,0,101752839,0,2622680,0,403350,389583,0,50100,0,0,3465713
31-Okt-2017,PTRO,EQUITY,1008605000,1325,25000,704966930,1009000,21000,241085189,8294300,3152016,1800000,0,960353435,0,1611938,6223900,12890103,956100,1659800,4087424,2178100,8039400,37646765
31-Okt-2017,PTSN,EQUITY,1771448000,202,0,360205000,25000,0,157507158,0,13000,0,0,517750158,0,0,0,241500,11250242,0,0,0,2146100,13637842
31-Okt-2017,PTSP,EQUITY,220808000,7000,10000000,81463366,0,0,2247100,0,0,0,0,93710466,0,5000000,0,110758534,6000,0,43100,0,11030000,126837634
31-Okt-2017,PUDP,EQUITY,329560000,480,216097,154247379,0,941,111857694,0,474659,0,0,266796770,0,49758381,0,0,45415,0,2035252,0,1498000,53337048
31-Okt-2017,PWON,EQUITY,48159602400,630,1219638150,9033883628,123920750,80600,258213659,808970806,4136612,26927300,479500,11476251005,214504866,549502195,1484961849,2159048218,34426800,4225316808,683500739,61557591,2359874025,11772693091
31-Okt-2017,PWSI,EQUITY,82500000,0,0,8954998,0,0,6544500,0,49500,0,0,15548998,0,0,0,15000,15000,0,26250,0,23720625,23776875
31-Okt-2017,PYFA,EQUITY,535080000,202,0,150173,0,0,122585687,0,154,0,0,122736014,0,132500,0,0,1000,0,600000,0,0,733500
31-Okt-2017,RAJA,EQUITY,4077082500,356,4924600,1213894604,0,0,605534596,397680000,30262600,0,0,2252296400,0,226204800,0,520104900,3622600,6678700,82048000,0,986126600,1824785600
31-Okt-2017,RALS,EQUITY,7096000000,915,277327000,394627940,38075600,6320,397864718,196956400,6972821,15633000,226700,1327690499,22328546,84377063,81476299,305842202,2416800,712937600,76972642,7941200,248958409,1543250761
31-Okt-2017,RANC,EQUITY,1564487500,302,15207100,1061886500,494400,0,217547130,19122000,500,0,0,1314257630,0,5650600,0,197609100,20753600,0,14909200,0,11307370,250229870
31-Okt-2017,RBMS,EQUITY,326722500,94,0,69800175,0,0,240933925,500000,41500,0,0,311275600,0,0,0,7500000,262900,0,79000,0,0,7841900
31-Okt-2017,RDTX,EQUITY,268800000,6950,300,5318928,0,3044,65923384,0,922,0,0,71246578,0,0,0,90900,1000,0,0,0,0,91900
31-Okt-2017,RELI,EQUITY,1800000000,430,0,1586887135,0,0,202844065,0,9125000,0,0,1798856200,0,0,0,0,1122000,0,21800,0,0,1143800
31-Okt-2017,RICY,EQUITY,641717510,151,0,12500,0,0,240517610,0,0,0,0,240530110,0,0,0,19622000,35648300,0,2760000,0,20000,58050300
31-Okt-2017,RIGS,EQUITY,609130000,187,0,607600,1025000,0,87202750,0,3994030,0,0,92829380,0,490617000,0,600140,10815200,0,11903030,0,0,513935370
31-Okt-2017,RIMO,EQUITY,40936000000,630,32732500,632533800,237007700,30000,26405026245,556357500,779138574,0,298809600,28941635919,2228700,396800,0,1056809439,7409900,2614300,41500,0,893366535,1962867174
31-Okt-2017,RINA,EQUITY,810000000,0,0,0,0,0,44354000,0,1749500,0,0,46103500,0,0,0,0,0,0,156250000,0,1200500,157450500
31-Okt-2017,RMBA,EQUITY,36401136250,400,0,287446,0,0,42495915,3458000,2159807,500,0,48401668,0,33662987802,0,2671235450,1230080,0,5219143,0,3473842,36344146317
31-Okt-2017,RODA,EQUITY,13592128209,134,36865500,8467600,10000,0,13048355499,149504284,1500000,0,0,13244702883,0,0,0,0,241468200,0,376500,0,105580626,347425326
31-Okt-2017,ROTI,EQUITY,6186488888,1270,26908066,1724741211,10423022,0,100209895,137538556,377676734,1035000,0,2378532484,3851244,1357014044,103277688,223980609,2758499,515260485,256993415,668500,818287143,3282091627
31-Okt-2017,RUIS,EQUITY,770000000,220,0,284846750,0,0,333849100,3000000,35087952,0,0,656783802,0,41046300,0,2065000,403200,0,4000000,0,1549698,49064198
31-Okt-2017,RYAN,EQUITY,550060000,0,0,473884000,0,0,26140000,0,5878000,0,0,505902000,0,0,0,0,0,0,43863000,0,0,43863000
31-Okt-2017,SAFE,EQUITY,615145012,306,151402,532329780,0,127244,22896175,0,517224,0,0,556021825,0,23400,0,34685087,391700,0,1935379,0,107624,37143190
31-Okt-2017,SAIP,EQUITY,5509574061,0,353250,310452928,0,72973672,22978650,0,62375,0,0,406820875,0,30000,0,15206464,3992983973,0,167259679,0,113462536,4288942652
31-Okt-2017,SAME,EQUITY,5900000000,600,0,5045763000,0,0,143527300,0,0,0,0,5189290300,0,2500,113369000,64891000,50000,0,31295900,0,488101300,697709700
31-Okt-2017,SCBD,EQUITY,3322092000,2700,0,725210604,0,0,2123700,0,0,0,0,727334304,0,19396,0,0,0,0,6300,0,0,25696
31-Okt-2017,SCCO,EQUITY,205583400,8900,520000,9447252,0,11400,8033722,3139200,406557,0,348000,21906131,0,228100,7400,3000,1500,627636,437600,0,88200,1393436
31-Okt-2017,SCMA,EQUITY,14621601234,2150,242769573,8984583691,84854298,0,214536512,275107258,4600368,6410506,289300,9813151506,34362789,971630854,346720684,287495369,4244139,1674169766,449155358,2618139,1038052390,4808449488
31-Okt-2017,SCPI,EQUITY,3600000,29000,0,50,0,0,5314,0,0,0,0,5364,0,1228186,0,0,0,0,0,0,0,1228186
31-Okt-2017,SDMU,EQUITY,1135225000,298,205000000,20000625,0,0,288811600,31014275,0,0,0,544826500,0,22979100,0,0,8848150,0,0,0,8750,31836000
31-Okt-2017,SDPC,EQUITY,728000000,116,42962830,207902520,863400,750,64686085,0,400,0,0,316415985,0,400412800,0,6900200,0,0,200085,0,2500,407515585
31-Okt-2017,SDRA,EQUITY,6580926254,955,275000,387899103,0,139639538,747251801,10004500,15002500,150,0,1300072592,0,8000,0,5256690211,3487816,0,0,0,17471815,5277657842
31-Okt-2017,SGRO,EQUITY,1890000000,2490,78943700,286463400,3913800,0,82155468,1030700,83766,60000,0,452650834,0,1360969757,1969500,33714314,677600,29515821,8346869,0,1755305,1436949166
31-Okt-2017,SHID,EQUITY,1119326168,1435,46700,471606360,0,260,120901040,37857100,241160,20,0,630652640,0,466526168,0,300,6400,0,8000,0,0,466540868
31-Okt-2017,SHIP,EQUITY,2500000000,780,0,2453781400,0,0,45300900,0,0,0,0,2499082300,0,470100,0,387300,45300,0,15000,0,0,917700
31-Okt-2017,SIAP,EQUITY,24000000000,83,412500000,4971270662,4724400,0,9004442144,1063398800,1119769286,11925564,0,16588030856,8218300,4979538469,7877700,1459597875,2297600,52983100,845109200,0,56346900,7411969144
31-Okt-2017,SIDO,EQUITY,15000000000,492,735572100,3295225500,142602800,0,730038122,291394800,3711084,11393500,0,5209937906,6890900,180469700,10521500,219911328,8348300,134846500,8218266,44500,220806100,790057094
31-Okt-2017,SIIP,EQUITY,4206964252,0,0,2406270844,250000,0,1266074452,0,1746224,1500,535764,3674878784,0,0,5094000,332274676,9834344,29560024,3098000,0,114925000,494786044
31-Okt-2017,SILO,EQUITY,1625765625,9750,20576344,1010309217,9578675,0,6180812,39111389,10924,766750,0,1086534111,291762,262120640,19268549,41728456,296700,106568132,6365883,6692,101584700,538231514
31-Okt-2017,SIMA,EQUITY,442589871,570,0,8780895,0,10408,349887790,79497050,4045550,0,0,442221693,0,0,0,251,1504,0,496,0,50278,52529
31-Okt-2017,SIMM,EQUITY,1000000000,0,0,0,0,0,150116000,0,5000,0,0,150121000,0,56435000,0,2000,93309500,0,132500,0,0,149879000
31-Okt-2017,SIMP,EQUITY,15816310000,520,271215100,384540700,197415500,0,646481358,69688900,407257124,1818200,0,1978416882,196665047,61888961,78138700,375782902,3870600,244556900,100721829,4132600,118583708,1184341247
31-Okt-2017,SING,EQUITY,79717070,0,0,0,0,0,138000,0,0,0,0,138000,0,0,0,0,0,0,50000,0,0,50000
31-Okt-2017,SIPD,EQUITY,1339102579,800,0,1208916007,0,1366,79317404,10379300,1450850,0,1918865,1301983792,0,0,0,5331437,462844,0,28378587,0,78136,34251004
31-Okt-2017,SKBM,EQUITY,1726003217,500,0,28700,0,106824963,33842003,10200,1338116,0,0,142043982,0,1519900,0,17728227,7000,0,5868737,0,63472500,88596364
31-Okt-2017,SKLT,EQUITY,690740500,1100,0,86644000,0,200,9642800,0,500,0,0,96287500,0,0,0,7422500,0,0,232400,0,0,7654900
31-Okt-2017,SKYB,EQUITY,585000000,420,0,45290000,0,0,18313000,0,0,0,0,63603000,0,339280000,0,92697000,0,0,0,0,89420000,521397000
31-Okt-2017,SMAR,EQUITY,2872193366,4000,3334285,2417705,1215500,148905,2110135,0,30840,0,138000000,147257370,0,117500,0,57786115,87530,9214200,34030,0,2794605,70033980
31-Okt-2017,SMBR,EQUITY,9919981081,2790,1391936600,85616800,14314500,0,170207281,557567700,10800300,2195400,1000,2232639581,1958500,10853600,14237300,24617265,7022600,58375252,56311343,224635,13740905,187341400
31-Okt-2017,SMCB,EQUITY,7662900000,825,21901350,2753223,25892700,4311825,201861836,19127000,4876365,4894000,82500,285700799,1371000,6232168723,6255600,58067368,1683522,817614400,21678908,27900,217572531,7356439952
31-Okt-2017,SMDM,EQUITY,4772138237,105,500,197575,0,0,66455185,43471700,11742,0,0,110136702,0,3481567189,0,30540000,793900,0,5942000,0,1142996571,4661839660
31-Okt-2017,SMDR,EQUITY,3275120000,272,0,140611300,123934680,0,438584700,4355200,7774480,0,0,715260360,0,5908000,444000,477380,45218700,9906000,2567800,0,252000,64773880
31-Okt-2017,SMGR,EQUITY,5931520000,10900,217122500,30130224,223760400,35390,72343854,115011590,1201764,7014000,219700,666839422,58413648,86037410,357455916,303478807,59274909,769239866,87546803,12933553,503158916,2237539828
31-Okt-2017,SMMA,EQUITY,6367664717,9975,306922775,4419647671,0,0,4906100,34226050,16368990,0,0,4782071586,0,124115956,206000,244359026,700,543164316,10565095,63500,123744189,1046218782
31-Okt-2017,SMMT,EQUITY,3150000000,138,0,1035807652,0,0,242883123,876400,522,0,0,1279567697,0,27900582,0,1835230725,608200,0,3052750,0,46,1866792303
31-Okt-2017,SMRA,EQUITY,14426781680,1035,381374248,2902467660,468142100,97188,391319178,357273109,17747491,18620192,6694764,4543735930,15324965,175695475,770669807,436652013,6654676,945954362,368150410,812603300,1731110368,5262815376
31-Okt-2017,SMRU,EQUITY,12499385782,498,33040700,6556047225,7020000,0,752695057,4999737400,28316500,0,0,12376856882,0,656900,0,1732200,100,0,139700,0,120000000,122528900
31-Okt-2017,SMSM,EQUITY,5758675440,1290,9140,493851520,5712000,625800,863758460,23544500,82888,0,0,1387584308,19722400,169068800,74222900,27819292,7108800,479353200,15294400,0,159849080,952438872
31-Okt-2017,SOBI,EQUITY,925211250,1700,0,922271839,0,10420,813411,10000,215,0,0,923105885,0,0,0,0,1500,0,70,0,428500,430070
31-Okt-2017,SOCI,EQUITY,7059000000,276,11988800,3509691400,21880600,0,655380100,69566700,12252000,0,100000,4280859600,0,2753800,0,3136300,3108900,259451700,7975000,0,1714700,278140400
31-Okt-2017,SONA,EQUITY,331200000,2000,0,114839540,0,0,25405140,0,400,0,0,140245080,0,149040000,0,0,27500,0,0,0,132900,149200400
31-Okt-2017,SPMA,EQUITY,2114570958,248,468,1006373701,433,351,138517001,0,98957,0,0,1144990911,0,0,0,153,2075442,0,1075291,0,3903597,7054483
31-Okt-2017,SQBB,EQUITY,9268000,10500,0,0,0,0,0,0,0,0,0,0,0,0,0,0,0,0,0,0,9268000,9268000
31-Okt-2017,SQBI,EQUITY,972000,440000,0,100,0,0,94910,0,0,0,0,95010,0,100,0,0,0,0,0,0,764240,764340
31-Okt-2017,SQMI,EQUITY,301200000,418,132500,3178500,0,0,36558100,0,7000,0,0,39876100,0,0,0,258885700,1000,0,5000,0,2232200,261123900
31-Okt-2017,SRAJ,EQUITY,10917783981,220,523170550,238096966,0,0,29806763,167854900,250000,0,0,959179179,0,33278333,0,128366385,1502400,0,200300,0,1702997769,1866345187
31-Okt-2017,SRIL,EQUITY,18592888040,364,54411200,193180100,6711000,0,2971162513,207128008,48496163,800000,0,3481888984,123962800,2741820900,69138800,332667691,312253500,484266273,532897173,1046000,78791879,4676845016
31-Okt-2017,SRSN,EQUITY,6020000000,50,0,1996067206,0,941250,3768053008,46241500,66496525,0,10000,5877809489,0,500000,0,2000000,2603004,0,99700,0,133738950,138941654
31-Okt-2017,SRTG,EQUITY,2712967000,3540,10093700,894211700,802700,0,1617480000,9330200,100,217400,0,2532135800,0,54971100,518600,71518700,1924600,348000,9162800,0,42387400,180831200
31-Okt-2017,SSIA,EQUITY,4705249440,590,127397600,1210781902,35614600,0,435345542,694308920,156676823,3842800,10134800,2674102987,9148700,597960479,184470739,212420593,227315276,447715382,96123940,738600,235303544,2011197253
31-Okt-2017,SSMS,EQUITY,9525000000,1495,49006332,1790748576,100000,0,378399435,171838700,66951,0,0,2390159994,1822900,651515561,38606100,1184504495,157800,31469282,38533564,459700,67770604,2014840006
31-Okt-2017,SSTM,EQUITY,1170909181,356,220000,52000,0,500,170245434,35000,6382,0,0,170559316,0,0,0,0,60100,0,0,0,0,60100
31-Okt-2017,STAR,EQUITY,4800000602,68,146600000,1995005200,500000,0,361136202,2061425200,0,0,0,4564666602,0,4749800,0,0,4637100,0,6013500,0,219933600,235334000
31-Okt-2017,STTP,EQUITY,1310000000,3810,0,745845500,0,0,202303800,0,2500,0,0,948151800,0,0,0,190163700,0,0,60762000,0,110237000,361162700
31-Okt-2017,SUDI,EQUITY,3166666667,0,0,320145250,0,16250,856149832,0,83250,0,0,1176394582,0,0,0,5780000,60000,64029375,564500,0,0,70433875
31-Okt-2017,SUGI,EQUITY,24811541414,50,843906900,1435362980,1999929040,0,6918276347,2531773285,6012707,1542416,0,13736803675,18113600,2515744380,98036700,2290744000,54866685,322269211,977711861,0,4797251302,11074737739
31-Okt-2017,SULI,EQUITY,3986916802,186,0,160059900,0,0,2179753094,31085766,10777,0,0,2370909537,0,10910000,0,67519930,103216332,45257300,447240439,0,930997891,1605141892
31-Okt-2017,SUMI,EQUITY,336000000,0,0,232511000,0,0,1708500,0,191000,0,0,234410500,0,0,0,0,6000,0,0,0,99629000,99635000
31-Okt-2017,SUPR,EQUITY,1137579698,6500,0,508286147,0,0,5451064,0,25,0,0,513737236,0,442654440,0,136283036,1234044,450000,1400,0,43219542,623842462
31-Okt-2017,TALF,EQUITY,1353435000,352,0,1193000000,0,0,8576800,0,0,0,0,1201576800,0,0,0,0,0,0,151797400,0,0,151797400
31-Okt-2017,TAMU,EQUITY,3750000000,3690,0,1999990000,0,0,749915800,0,0,0,0,2749905800,0,0,0,82200,0,0,0,0,1000002000,1000084200
31-Okt-2017,TARA,EQUITY,10069645750,735,631185600,6113617950,0,0,586921500,964727000,244463640,0,0,8540915690,2245700,19837149,6894400,1459041311,100,22665800,210700,21600,17813300,1528730060
31-Okt-2017,TAXI,EQUITY,2145600000,62,1900000,1198495900,23970800,0,621695793,85254100,3161225,1400000,0,1935877818,0,2200200,45833600,147654330,8013500,0,4498550,0,1512002,209712182
31-Okt-2017,TBIG,EQUITY,4531399889,6800,46896473,2618944604,2154842,0,78242475,18312104,23594,57400,43900,2764675392,11085228,416747847,142150612,132646672,6095022,475429838,133979127,7510768,441079383,1766724497
31-Okt-2017,TBLA,EQUITY,5342098939,1395,722000,2907773210,400000,0,352707752,42941533,250880092,850700,0,3556275287,2290500,572552553,17413800,297456420,52496850,234217400,496718240,7043800,96538623,1776728186
31-Okt-2017,TBMS,EQUITY,367340000,915,1180000,196000,0,0,15858200,1796700,254000,0,0,19284900,0,60592000,0,124000,107100,0,22000,0,4000,60849100
31-Okt-2017,TCID,EQUITY,201066667,19250,0,1959464,0,0,12211448,5123466,394450,0,0,19688828,0,3117744,1000,2877100,1269088,4017500,1849100,0,4361142,17492674
31-Okt-2017,TEJA,EQUITY,360000000,0,2000,210597700,0,0,728400,0,1600,0,360000,211689700,0,0,0,93000,0,0,9000,0,7924900,8026900
31-Okt-2017,TELE,EQUITY,7310929389,1115,700209400,5799246547,400000,0,187723346,135105637,8732057,0,0,6831416987,0,8481400,5523400,24325146,75000,36863900,20640741,0,383602815,479512402
31-Okt-2017,TFCO,EQUITY,4823076400,1000,0,1648110108,0,0,1578519268,0,5200,0,0,3226634576,0,0,0,0,105000,0,32500,0,0,137500
31-Okt-2017,TGKA,EQUITY,918492750,2500,0,892289570,525000,9240,12231620,0,1735,0,3023970,908081135,0,100000,0,7292000,3200,0,381150,0,0,7776350
31-Okt-2017,TGRA,EQUITY,2750000000,486,0,1392926700,105000000,0,360772800,200018100,0,140640000,0,2199357600,0,2000,0,598600,0,0,41800,0,0,642400
31-Okt-2017,TIFA,EQUITY,1079700000,195,0,227562300,0,0,25452700,300000,0,0,0,253315000,0,23770500,0,0,73000,0,841500,0,0,24685000
31-Okt-2017,TINS,EQUITY,7447753454,820,430973774,42707620,163149695,7398,922773509,247546099,24141319,6772090,103,1838071607,1852757,101593710,41144947,125449156,11994961,209494197,84751811,2826500,187861514,766969553
31-Okt-2017,TIRA,EQUITY,588000000,210,0,558826000,0,0,27202000,50000,449000,0,35000,586562000,0,0,0,0,50000,0,0,0,0,50000
31-Okt-2017,TIRT,EQUITY,1011774750,106,0,506182974,0,0,195630000,0,15193332,0,0,717006306,0,0,0,5404000,580100,0,0,0,286511000,292495100
31-Okt-2017,TKGA,EQUITY,1012000000,1800,0,852902740,0,0,2137160,0,10000,0,0,855049900,0,0,0,156400000,0,0,15100,0,0,156415100
31-Okt-2017,TKIM,EQUITY,3113223570,2900,180076432,24808822,285600,17800,116129764,153392399,22361294,13630,386,497086127,0,18469975,2328835,238450496,362249,5351553,12484782,27200,477828458,755303548
31-Okt-2017,TLKM,EQUITY,100799996400,4030,3064885650,1185663200,3172762800,922550,484485420,2048663111,21663607,80742000,2968700,10062757038,845636657,2197461286,4921368058,6702075316,132933711,10842150170,1313238246,48332685,12070669233,39073865362
31-Okt-2017,TMAS,EQUITY,1141030000,1105,29602100,20595400,6693300,0,83608520,37011162,1180,640600,0,178152262,0,1410175,0,11701599,14185775,0,925800,0,11954901,40178250
31-Okt-2017,TMPI,EQUITY,5502083747,50,108087324,575760749,1100014,350,2671389669,1040697243,71987180,8694500,0,4477717029,0,350371650,13015100,83473965,62369743,120364400,359017400,0,34184900,1022797158
31-Okt-2017,TMPO,EQUITY,725000000,282,630000,33690600,40000,0,72776500,0,10000,1322500,10046800,118516400,0,100,0,0,75500,0,0,0,6327000,6402600
31-Okt-2017,TOBA,EQUITY,2012491000,1895,0,213294811,108800,0,9544700,23726200,0,202500,0,246877011,0,1447549989,0,930700,53000,0,270300,0,0,1448803989
31-Okt-2017,TOPS,EQUITY,6666000000,2730,0,776687600,0,0,883255500,163500,2628300,0,0,1662734900,0,0,0,146400,3093700,0,25000,0,0,3265100
31-Okt-2017,TOTL,EQUITY,3410000000,720,102820420,71829855,60625020,0,540574820,199414700,6568625,3025000,0,984858440,49976800,28973500,0,34974600,682440,223629200,14042040,0,82244480,434523060
31-Okt-2017,TOTO,EQUITY,10320000000,412,160160000,662618200,190000,0,244826180,64858000,201560,0,4801450,1137655390,0,2000000,0,5512400,95640360,9000000,23697000,0,200245540,336095300
31-Okt-2017,TOWR,EQUITY,10202925000,4100,69024400,3350899200,2044000,0,176737792,28845200,706,0,0,3627551298,1207700,1144177320,243086258,946550862,254800,1692644670,409020869,7777750,2130653473,6575373702
31-Okt-2017,TPEN,EQUITY,2046240000,0,0,903552211,0,118916667,56746631,0,1338,0,2046240,1081263087,0,0,0,138060900,82000,0,34580,0,383625528,521803008
31-Okt-2017,TPIA,EQUITY,3566704052,28400,46112348,1486803363,3666700,0,196791885,16077560,12798923,0,33800,1762284579,20400,1146958462,787365,126167773,113518,1280171,3505506,0,14898357,1293731552
31-Okt-2017,TPMA,EQUITY,2633300000,175,0,2314835000,0,0,137859200,0,0,0,0,2452694200,0,0,0,178748500,50000,1204300,603000,0,0,180605800
31-Okt-2017,TRAM,EQUITY,9731641746,164,0,2646340792,76620000,0,2645516257,4017636200,4000091,1650000,325000,9392088340,0,100090,0,169066025,26401900,6264700,27012507,0,110708184,339553406
31-Okt-2017,TRIL,EQUITY,1200000000,50,0,884773240,0,0,251061660,0,10003500,0,755000,1146593400,0,0,0,0,4313600,0,500,0,49092500,53406600
31-Okt-2017,TRIM,EQUITY,7109300000,169,0,965979050,4875154,15000,714456390,0,355464,882,426860,1686108800,0,100,0,5310709400,18434000,0,93532700,0,500000,5423176200
31-Okt-2017,TRIO,EQUITY,26007494645,2000,48200,2571423484,0,2454765508,181929129,56300,0,0,0,5208222621,0,2746387827,0,2633078385,500,0,9501774303,0,521830500,15403071515
31-Okt-2017,TRIS,EQUITY,1047587802,308,47191525,74485725,0,0,123954827,653000,0,0,0,246285077,0,583500,0,3305000,658500,0,21491100,0,75264625,101302725
31-Okt-2017,TRST,EQUITY,2808000000,390,750,1428784973,500,13425,686734934,0,179449,0,7020005,2122734036,0,4498100,797500,143492700,3763938,3347600,5213661,0,26300,161139799
31-Okt-2017,TRUB,EQUITY,15799456267,50,2409735,3639870585,13042000,0,8077317425,5856000,25104580,900000,0,11764500325,0,20291853,20726500,225216349,49337500,196628000,67538595,0,855217145,1434955942
31-Okt-2017,TRUS,EQUITY,800000000,134,0,298520800,0,0,261477100,1700,0,0,0,559999600,0,0,0,200,200,0,0,0,0,400
31-Okt-2017,TSPC,EQUITY,4500000000,1850,877200,813864808,5660200,10000,59482142,19177900,851131,585000,0,900508381,0,51739529,10986800,100203669,6012000,209039700,204816539,0,263623582,846421819
31-Okt-2017,TURI,EQUITY,5580000000,1150,0,1282173377,416000,0,226828156,99664700,94339808,398500,0,1703820541,0,857900,4126100,67683359,500,48514500,8198500,0,764045600,893426459
31-Okt-2017,UGAR,EQUITY,967680000,0,0,598388300,0,0,3832300,0,165500,0,0,602386100,0,0,0,0,9500,0,0,0,331469900,331479400
31-Okt-2017,ULTJ,EQUITY,11553528000,1305,1937272500,193881961,22974200,0,1777709879,24171000,168064,0,800,3956178404,634800,134693100,0,267145436,248000,357790800,22022300,0,552814300,1335348736
31-Okt-2017,UNIC,EQUITY,383331363,3800,1956220,100813405,27951,52582,93410823,0,15052,370,0,196276403,0,1571247,0,58044,542668,319635,23367,0,871264,3386225
31-Okt-2017,UNIT,EQUITY,75422200,208,0,22371150,0,0,28805450,0,78925,0,0,51255525,0,16423425,0,365150,365575,0,497000,0,6515525,24166675
31-Okt-2017,UNSP,EQUITY,1372047144,184,36143100,88008789,11548900,360,1037928879,8990655,3554409,711950,108590,1186995632,0,82267668,0,22048273,14356246,0,7258521,0,57587147,183517855
31-Okt-2017,UNTR,EQUITY,3730135136,34675,115259567,16350801,26614432,125349,30561690,114804467,798713,3287316,10573400,318375735,24263154,119007285,155142034,149682874,8756974,396895524,61636144,1267500,273132317,1189783806
31-Okt-2017,UNVR,EQUITY,7630000000,49600,161424740,28322439,51278090,6500,16843545,135252936,496659,4136900,196700,397958509,8918696,49694918,122541540,96268014,810095,179222492,40245007,2990100,185460359,686151221
31-Okt-2017,VICO,EQUITY,9150094680,216,0,314440000,0,0,1846910680,0,0,0,0,2161350680,0,264000000,0,0,574744000,0,0,0,0,838744000
31-Okt-2017,VINS,EQUITY,1452005500,171,66000000,208642100,0,0,2789400,70000000,500,0,0,347432000,0,70000000,0,0,500,0,82500,0,0,70083000
31-Okt-2017,VIVA,EQUITY,16464270400,282,1411177800,4024467543,13401800,0,850889672,327637100,262056852,1384400,0,6891015167,6759600,2870383116,14196200,5044638248,13326407,313338300,627683874,1595300,630384188,9522305233
31-Okt-2017,VOKS,EQUITY,4155602595,306,2670000,146931750,0,11010,2215637670,16086200,5040,0,0,2381341670,0,1672496165,0,7567500,680000,34719200,10709780,0,14173000,1740345645
31-Okt-2017,VRNA,EQUITY,2585160908,101,0,252859140,0,1352090704,299299909,0,26813800,0,0,1931063553,0,0,0,517884355,800000,0,21400,0,0,518705755
31-Okt-2017,WAPO,EQUITY,520000000,112,0,310745500,0,0,169507400,0,24742000,0,0,504994900,0,0,0,0,1004100,0,0,0,4000000,5004100
31-Okt-2017,WEHA,EQUITY,886411265,199,0,722715786,0,0,76824076,45696000,27907500,0,0,873143362,0,0,0,9267000,700,0,0,0,0,9267700
31-Okt-2017,WICO,EQUITY,1268950977,605,0,120493080,0,3240,363506079,0,86990,0,0,484089389,0,761408587,0,0,203111,0,13164820,0,9635816,784412334
31-Okt-2017,WIIM,EQUITY,2099873760,278,12258500,109802500,38437100,0,177894878,169506200,795522,3605300,0,512300000,0,484303270,14804105,59471060,736600,18531055,1901200,0,9932780,589680070
31-Okt-2017,WIKA,EQUITY,8969951372,1970,673984957,133005740,478524631,0,616100457,285054622,18023185,26815345,4356466,2235865403,80101401,29309710,101369313,86856334,6665310,347743658,92049173,3963955,149917115,897975969
31-Okt-2017,WINS,EQUITY,4038011640,290,92488773,243674406,12072152,0,1092768658,275460514,10827,519800,0,1716995130,0,285056082,0,277742052,83842471,52779863,53778159,0,191257027,944455654
31-Okt-2017,WOMF,EQUITY,3481481480,195,0,686326269,0,2386646729,316405435,110000,4825149,0,0,3394313582,0,5841100,0,73270447,2463500,0,3324500,0,2268351,87167898
31-Okt-2017,WOOD,EQUITY,6250000000,232,172086800,73332300,130000,0,264584800,373800400,570900,0,0,884505200,0,13620000,102709200,62394200,4959600,78495800,19371000,0,83945000,365494800
31-Okt-2017,WSBP,EQUITY,26361157534,412,1078694200,1351655700,582940700,0,4627271900,831389860,52750837,75081200,8646200,8608430597,8864300,71839800,582852100,51136670,14282500,356585520,15147319,1201600,834122594,1936032403
31-Okt-2017,WSKT,EQUITY,13573878400,2120,566242714,105905650,629012889,0,629628527,654421610,14932611,40734881,675500,2641554382,8481174,66619571,559806123,209560419,9248673,393652090,120152182,1253973,599851926,1968626131
31-Okt-2017,WTON,EQUITY,8715466600,655,376538200,27327936,181655000,0,943341997,258884564,12301839,21489800,609634249,2431173585,41756000,22595095,12967600,64257771,5966800,285428005,48512500,2035700,108292593,591812064
31-Okt-2017,YPAS,EQUITY,668000089,970,0,597650500,0,0,16057489,0,0,0,0,613707989,0,0,0,0,18000,0,7100,0,2500,27600
31-Okt-2017,YULE,EQUITY,255000000,170,0,24226000,0,0,94718100,0,250000,0,0,119194100,0,0,0,0,0,0,805900,0,0,805900
31-Okt-2017,ZBRA,EQUITY,856133009,50,11419,610729871,3150000,621,241201780,0,27507,0,0,855121198,0,0,0,12854,5066,0,0,0,0,17920
31-Okt-2017,ZINC,EQUITY,5050000000,1730,0,10000,0,0,549876100,14900,99000,0,0,550000000,0,0,0,0,0,0,0,0,0,0